Function,CPU Time,Memory Bound(%),Memory Bound:L1 Bound(%),Memory Bound:L2 Bound(%),Memory Bound:L3 Bound(%),Memory Bound:DRAM Bound(%),Memory Bound:DRAM Bound:Memory Bandwidth(%),Memory Bound:DRAM Bound:Memory Latency(%),Memory Bound:DRAM Bound:Memory Latency:NUMA: % of Remote Accesses(%),Memory Bound:DRAM Bound:Memory Latency:Local DRAM(%),Memory Bound:DRAM Bound:Memory Latency:Remote DRAM(%),Memory Bound:DRAM Bound:Memory Latency:Remote Cache(%),Loads,Stores,LLC Miss Count,LLC Miss Count:Local DRAM Access Count,LLC Miss Count:Remote DRAM Access Count,LLC Miss Count:Remote Cache Access Count,Average Latency (cycles),Module,Function (Full),Source File,Start Address
"ripples::AddRRRSet<ripples::Graph<unsigned int, ripples::WeightedDestination<unsigned int, float>, ripples::BackwardDirection<unsigned int>>, trng::lcg64, ripples::independent_cascade_tag>",24419.799309,71.3,0.9,19.2,7.9,47.2,46.4,49.6,72.9,14.1,58.5,2.2,10196085873400,3575427259600,132169251200,33602352000,90166311200,5880411600,57.277187,imm,"void ripples::AddRRRSet<ripples::Graph<unsigned int, ripples::WeightedDestination<unsigned int, float>, ripples::BackwardDirection<unsigned int>>, trng::lcg64, ripples::independent_cascade_tag>(ripples::Graph<unsigned int, ripples::WeightedDestination<unsigned int, float>, ripples::BackwardDirection<unsigned int>> const&, ripples::Graph<unsigned int, ripples::WeightedDestination<unsigned int, float>, ripples::BackwardDirection<unsigned int>>::vertex_type, trng::lcg64&, std::vector<ripples::Graph<unsigned int, ripples::WeightedDestination<unsigned int, float>, ripples::BackwardDirection<unsigned int>>::vertex_type, std::allocator<ripples::Graph<unsigned int, ripples::WeightedDestination<unsigned int, float>, ripples::BackwardDirection<unsigned int>>::vertex_type>>&, ripples::independent_cascade_tag&&)",stl_bvector.h,0xaeca
"ripples::Graph<unsigned int, ripples::WeightedDestination<unsigned int, float>, ripples::BackwardDirection<unsigned int>>::neighbors",5495.511724,83.1,2.3,1.6,15.0,70.6,17.7,77.6,61.0,41.5,100.0,0.9,609718291000,0,43403038000,11900833000,18621303400,280019600,183.724409,imm,"ripples::Graph<unsigned int, ripples::WeightedDestination<unsigned int, float>, ripples::BackwardDirection<unsigned int>>::neighbors(unsigned int) const",graph.h,0x12b33
"std::__move_merge<unsigned int*, __gnu_cxx::__normal_iterator<unsigned int*, std::vector<unsigned int, std::allocator<unsigned int>>>, __gnu_cxx::__ops::_Iter_less_iter>",3627.820482,8.9,12.4,0.9,0.0,2.9,17.7,41.5,75.0,0.5,2.2,0.0,2184485532600,1097352919600,700049000,140009800,420029400,0,7.403081,imm,"__gnu_cxx::__normal_iterator<unsigned int*, std::vector<unsigned int, std::allocator<unsigned int>>> std::__move_merge<unsigned int*, __gnu_cxx::__normal_iterator<unsigned int*, std::vector<unsigned int, std::allocator<unsigned int>>>, __gnu_cxx::__ops::_Iter_less_iter>(unsigned int*, unsigned int*, unsigned int*, unsigned int*, __gnu_cxx::__normal_iterator<unsigned int*, std::vector<unsigned int, std::allocator<unsigned int>>>, __gnu_cxx::__ops::_Iter_less_iter)",stl_algo.h,0xf657
"std::vector<unsigned int, std::allocator<unsigned int>>::push_back",2356.340007,33.2,0.0,12.2,4.0,20.7,31.3,53.3,0.0,0.0,0.0,2.8,133003990000,1960058800,0,0,0,840058800,7.226368,imm,"std::vector<unsigned int, std::allocator<unsigned int>>::push_back(unsigned int const&)",stl_vector.h,0x12afb
"__gnu_cxx::__normal_iterator<unsigned int*, std::vector<unsigned int, std::allocator<unsigned int>>>::operator++",1679.849984,9.6,10.6,0.4,0.0,0.4,17.0,40.7,0.0,0.0,0.0,0.0,140004200,517315519000,0,0,0,0,0.0,imm,"__gnu_cxx::__normal_iterator<unsigned int*, std::vector<unsigned int, std::allocator<unsigned int>>>::operator++(void)",stl_iterator.h,0xf4d8
"__gnu_cxx::__normal_iterator<unsigned int*, std::vector<unsigned int, std::allocator<unsigned int>>>::operator++",1375.643029,9.9,15.0,0.3,0.0,0.3,17.1,39.9,0.0,0.0,0.0,0.0,140004200,565056951200,0,0,0,0,0.0,imm,"__gnu_cxx::__normal_iterator<unsigned int*, std::vector<unsigned int, std::allocator<unsigned int>>>::operator++(void)",stl_iterator.h,0xf4f5
trng::lcg64::step,935.545344,27.9,4.0,6.8,2.2,21.6,25.8,57.4,0.0,0.0,0.0,3.5,1464863944600,650039500600,0,0,0,280019600,7.159348,imm,trng::lcg64::step(void),lcg64.hpp,0x12b73
"trng::utility::u01xx_traits<float, (unsigned long)1, trng::lcg64>::addin",686.252539,15.3,0.0,10.0,1.6,4.7,19.1,61.2,0.0,0.0,0.0,0.0,0,0,0,0,0,0,0.0,imm,"trng::utility::u01xx_traits<float, (unsigned long)1, trng::lcg64>::addin(trng::lcg64&)",uniformxx.hpp,0x12b73
__memmove_avx_unaligned_erms,676.315693,65.5,20.6,0.0,5.8,37.0,44.4,27.7,0.0,0.0,0.0,0.0,52081562400,36821104600,140009800,0,0,0,8.719697,libc-2.29.so,__memmove_avx_unaligned_erms,memmove-vec-unaligned-erms.S,0x189080
"std::__move_merge<__gnu_cxx::__normal_iterator<unsigned int*, std::vector<unsigned int, std::allocator<unsigned int>>>, unsigned int*, __gnu_cxx::__ops::_Iter_less_iter>",536.502524,19.9,0.0,0.0,0.0,7.0,23.1,39.7,0.0,0.0,0.0,0.0,0,0,0,0,0,0,0.0,imm,"unsigned int* std::__move_merge<__gnu_cxx::__normal_iterator<unsigned int*, std::vector<unsigned int, std::allocator<unsigned int>>>, unsigned int*, __gnu_cxx::__ops::_Iter_less_iter>(__gnu_cxx::__normal_iterator<unsigned int*, std::vector<unsigned int, std::allocator<unsigned int>>>, __gnu_cxx::__normal_iterator<unsigned int*, std::vector<unsigned int, std::allocator<unsigned int>>>, __gnu_cxx::__normal_iterator<unsigned int*, std::vector<unsigned int, std::allocator<unsigned int>>>, __gnu_cxx::__normal_iterator<unsigned int*, std::vector<unsigned int, std::allocator<unsigned int>>>, unsigned int*, __gnu_cxx::__ops::_Iter_less_iter)",stl_algo.h,0xf4c5
"std::vector<bool, std::allocator<bool>>::operator[]",456.571929,18.0,0.5,0.0,4.0,14.9,22.8,70.4,0.0,0.0,0.0,3.0,0,0,0,0,0,280019600,0.0,imm,"std::vector<bool, std::allocator<bool>>::operator[](unsigned long)",stl_bvector.h,0x12b05
"__gnu_cxx::__normal_iterator<unsigned int*, std::vector<unsigned int, std::allocator<unsigned int>>>::operator++",420.223992,5.3,4.1,0.2,0.0,0.0,13.5,52.8,0.0,0.0,0.0,0.0,0,0,0,0,0,0,0.0,imm,"__gnu_cxx::__normal_iterator<unsigned int*, std::vector<unsigned int, std::allocator<unsigned int>>>::operator++(void)",stl_iterator.h,0xf66e
"trng::utility::u01xx_traits<float, (unsigned long)1, trng::lcg64>::co",419.701000,1.2,0.0,30.3,4.8,9.8,19.3,64.6,0.0,0.0,0.0,0.0,1047791432800,0,0,0,0,0,7.082031,imm,"trng::utility::u01xx_traits<float, (unsigned long)1, trng::lcg64>::co(trng::lcg64&)",uniformxx.hpp,0x12b73
"__gnu_cxx::__ops::_Iter_less_iter::operator()<__gnu_cxx::__normal_iterator<unsigned int*, std::vector<unsigned int, std::allocator<unsigned int>>>, __gnu_cxx::__normal_iterator<unsigned int*, std::vector<unsigned int, std::allocator<unsigned int>>>>",397.909671,28.9,0.0,4.1,1.0,16.9,32.1,36.0,66.7,4.9,15.3,0.0,2180285406600,0,560039200,140009800,280019600,0,7.660650,imm,"bool __gnu_cxx::__ops::_Iter_less_iter::operator()<__gnu_cxx::__normal_iterator<unsigned int*, std::vector<unsigned int, std::allocator<unsigned int>>>, __gnu_cxx::__normal_iterator<unsigned int*, std::vector<unsigned int, std::allocator<unsigned int>>>>(__gnu_cxx::__normal_iterator<unsigned int*, std::vector<unsigned int, std::allocator<unsigned int>>>, __gnu_cxx::__normal_iterator<unsigned int*, std::vector<unsigned int, std::allocator<unsigned int>>>) const",predefined_ops.h,0xf4ec
"ripples::Graph<unsigned int, ripples::WeightedDestination<unsigned int, float>, ripples::BackwardDirection<unsigned int>>::Neighborhood::Neighborhood",377.425821,90.2,0.0,6.9,10.1,80.1,13.3,78.1,0.0,0.0,0.0,1.9,420012600,0,0,0,0,140009800,7.054217,imm,"ripples::Graph<unsigned int, ripples::WeightedDestination<unsigned int, float>, ripples::BackwardDirection<unsigned int>>::Neighborhood::Neighborhood(ripples::WeightedDestination<unsigned int, float>*, ripples::WeightedDestination<unsigned int, float>*)",graph.h,0x12b3e
"__gnu_cxx::__normal_iterator<unsigned int*, std::vector<unsigned int, std::allocator<unsigned int>>>::operator++",284.769090,0.3,10.6,0.0,0.3,0.0,18.1,37.9,0.0,0.0,0.0,0.0,0,114103423000,0,0,0,0,0.0,imm,"__gnu_cxx::__normal_iterator<unsigned int*, std::vector<unsigned int, std::allocator<unsigned int>>>::operator++(void)",stl_iterator.h,0xf5a8
"ripples::CountOccurrencies<__gnu_cxx::__normal_iterator<std::vector<unsigned int, std::allocator<unsigned int>>*, std::vector<std::vector<unsigned int, std::allocator<unsigned int>>, std::allocator<std::vector<unsigned int, std::allocator<unsigned int>>>>>, __gnu_cxx::__normal_iterator<unsigned int*, std::vector<unsigned int, std::allocator<unsigned int>>>>._omp_fn.13",260.188470,75.6,21.4,32.5,0.0,2.9,30.5,7.3,0.0,0.0,0.0,0.0,215606468000,107803234000,0,0,0,0,29.125000,imm,"ripples::CountOccurrencies<__gnu_cxx::__normal_iterator<std::vector<unsigned int, std::allocator<unsigned int>>*, std::vector<std::vector<unsigned int, std::allocator<unsigned int>>, std::allocator<std::vector<unsigned int, std::allocator<unsigned int>>>>>, __gnu_cxx::__normal_iterator<unsigned int*, std::vector<unsigned int, std::allocator<unsigned int>>>>._omp_fn.13",counting.h,0xd390
func@0x1d6d0,228.373130,17.6,7.4,0.0,0.0,0.0,0.0,0.9,0.0,0.0,0.0,0.0,6020180600,0,0,0,0,0,7.000000,libgomp.so.1.0.0,func@0x1d6d0,[Unknown],0x1d6d0
clear_page_erms,200.131567,95.4,0.0,0.4,0.0,0.0,0.0,0.0,0.0,0.0,0.0,0.0,560016800,700021000,0,0,0,0,0.0,vmlinux,clear_page_erms,[Unknown],0xffffffffab63c070
"std::__unguarded_linear_insert<__gnu_cxx::__normal_iterator<unsigned int*, std::vector<unsigned int, std::allocator<unsigned int>>>, __gnu_cxx::__ops::_Val_less_iter>",192.896846,0.0,14.6,0.4,0.0,0.4,21.1,21.5,0.0,0.0,0.0,0.0,0,218266547800,0,0,0,0,0.0,imm,"void std::__unguarded_linear_insert<__gnu_cxx::__normal_iterator<unsigned int*, std::vector<unsigned int, std::allocator<unsigned int>>>, __gnu_cxx::__ops::_Val_less_iter>(__gnu_cxx::__normal_iterator<unsigned int*, std::vector<unsigned int, std::allocator<unsigned int>>>, __gnu_cxx::__ops::_Val_less_iter)",stl_algo.h,0xf392
"std::__move_merge_adaptive_backward<__gnu_cxx::__normal_iterator<unsigned int*, std::vector<unsigned int, std::allocator<unsigned int>>>, unsigned int*, __gnu_cxx::__normal_iterator<unsigned int*, std::vector<unsigned int, std::allocator<unsigned int>>>, __gnu_cxx::__ops::_Iter_less_iter>",191.589366,23.1,14.9,0.0,0.0,0.0,17.5,45.6,0.0,0.0,0.0,0.0,144484334400,67202016000,0,0,0,0,7.000000,imm,"void std::__move_merge_adaptive_backward<__gnu_cxx::__normal_iterator<unsigned int*, std::vector<unsigned int, std::allocator<unsigned int>>>, unsigned int*, __gnu_cxx::__normal_iterator<unsigned int*, std::vector<unsigned int, std::allocator<unsigned int>>>, __gnu_cxx::__ops::_Iter_less_iter>(__gnu_cxx::__normal_iterator<unsigned int*, std::vector<unsigned int, std::allocator<unsigned int>>>, __gnu_cxx::__normal_iterator<unsigned int*, std::vector<unsigned int, std::allocator<unsigned int>>>, unsigned int*, unsigned int*, __gnu_cxx::__normal_iterator<unsigned int*, std::vector<unsigned int, std::allocator<unsigned int>>>, __gnu_cxx::__ops::_Iter_less_iter)",stl_algo.h,0x120ec
__GI___libc_malloc,148.268204,69.0,66.3,0.0,2.7,7.1,5.4,65.7,0.0,0.0,0.0,0.0,17920537600,11340340200,0,0,0,0,13.307692,libc-2.29.so,__GI___libc_malloc,malloc.c,0x98a40
"__gnu_cxx::__normal_iterator<unsigned int*, std::vector<unsigned int, std::allocator<unsigned int>>>::operator++",139.464507,11.5,15.4,0.6,0.0,0.0,17.6,37.4,0.0,0.0,0.0,0.0,0,89462683800,0,0,0,0,0.0,imm,"__gnu_cxx::__normal_iterator<unsigned int*, std::vector<unsigned int, std::allocator<unsigned int>>>::operator++(void)",stl_iterator.h,0xf5c5
"__gnu_cxx::__ops::_Val_less_iter::operator()<unsigned int, __gnu_cxx::__normal_iterator<unsigned int*, std::vector<unsigned int, std::allocator<unsigned int>>>>",134.234588,8.8,15.2,0.6,0.0,0.0,24.2,15.8,0.0,0.0,0.0,0.0,114803444000,0,0,0,0,0,7.772277,imm,"bool __gnu_cxx::__ops::_Val_less_iter::operator()<unsigned int, __gnu_cxx::__normal_iterator<unsigned int*, std::vector<unsigned int, std::allocator<unsigned int>>>>(unsigned int&, __gnu_cxx::__normal_iterator<unsigned int*, std::vector<unsigned int, std::allocator<unsigned int>>>) const",predefined_ops.h,0xf392
func@0x1d860,106.690348,16.5,8.1,0.0,0.0,0.0,0.0,6.1,0.0,0.0,0.0,0.0,3360100800,0,0,0,0,0,7.000000,libgomp.so.1.0.0,func@0x1d860,[Unknown],0x1d860
"std::__copy_move_backward<(bool)1, (bool)1, std::random_access_iterator_tag>::__copy_move_b<unsigned int>",106.603182,1.7,17.0,0.7,0.0,0.0,18.4,39.0,0.0,0.0,0.0,0.0,0,39621188600,0,0,0,0,0.0,imm,"unsigned int* std::__copy_move_backward<(bool)1, (bool)1, std::random_access_iterator_tag>::__copy_move_b<unsigned int>(unsigned int const*, unsigned int const*, unsigned int*)",stl_algobase.h,0xf345
"__gnu_cxx::__normal_iterator<unsigned int*, std::vector<unsigned int, std::allocator<unsigned int>>>::operator++",102.332082,8.7,12.9,0.0,0.8,0.0,21.3,38.8,0.0,0.0,0.0,0.0,0,38501155000,0,0,0,0,0.0,imm,"__gnu_cxx::__normal_iterator<unsigned int*, std::vector<unsigned int, std::allocator<unsigned int>>>::operator++(void)",stl_iterator.h,0x12070
"std::__move_merge_adaptive<unsigned int*, __gnu_cxx::__normal_iterator<unsigned int*, std::vector<unsigned int, std::allocator<unsigned int>>>, __gnu_cxx::__normal_iterator<unsigned int*, std::vector<unsigned int, std::allocator<unsigned int>>>, __gnu_cxx::__ops::_Iter_less_iter>",90.128938,6.5,23.8,0.0,1.8,1.8,34.7,32.0,0.0,0.0,0.0,0.0,139304179000,34021020600,0,0,0,0,7.012346,imm,"void std::__move_merge_adaptive<unsigned int*, __gnu_cxx::__normal_iterator<unsigned int*, std::vector<unsigned int, std::allocator<unsigned int>>>, __gnu_cxx::__normal_iterator<unsigned int*, std::vector<unsigned int, std::allocator<unsigned int>>>, __gnu_cxx::__ops::_Iter_less_iter>(unsigned int*, unsigned int*, __gnu_cxx::__normal_iterator<unsigned int*, std::vector<unsigned int, std::allocator<unsigned int>>>, __gnu_cxx::__normal_iterator<unsigned int*, std::vector<unsigned int, std::allocator<unsigned int>>>, __gnu_cxx::__normal_iterator<unsigned int*, std::vector<unsigned int, std::allocator<unsigned int>>>, __gnu_cxx::__ops::_Iter_less_iter)",stl_algo.h,0x1205a
_int_free,87.862639,70.4,1.7,13.8,0.0,67.9,31.8,42.1,0.0,0.0,0.0,0.0,25480764400,11480344400,280019600,0,0,0,56.333333,libc-2.29.so,_int_free,malloc.c,0x950c0
"std::vector<bool, std::allocator<bool>>::operator[]",77.489967,0.0,0.0,15.5,2.1,2.1,29.0,46.6,0.0,0.0,0.0,9.3,0,0,0,0,0,140009800,0.0,imm,"std::vector<bool, std::allocator<bool>>::operator[](unsigned long)",stl_bvector.h,0x12bca
"std::__insertion_sort<__gnu_cxx::__normal_iterator<unsigned int*, std::vector<unsigned int, std::allocator<unsigned int>>>, __gnu_cxx::__ops::_Iter_less_iter>",74.613511,29.5,17.5,1.2,3.5,15.2,32.6,35.0,0.0,0.0,0.0,0.0,74902247000,700021000,0,0,0,0,11.651852,imm,"void std::__insertion_sort<__gnu_cxx::__normal_iterator<unsigned int*, std::vector<unsigned int, std::allocator<unsigned int>>>, __gnu_cxx::__ops::_Iter_less_iter>(__gnu_cxx::__normal_iterator<unsigned int*, std::vector<unsigned int, std::allocator<unsigned int>>>, __gnu_cxx::__normal_iterator<unsigned int*, std::vector<unsigned int, std::allocator<unsigned int>>>, __gnu_cxx::__ops::_Iter_less_iter)",stl_algo.h,0xf345
"std::__move_merge<__gnu_cxx::__normal_iterator<unsigned int*, std::vector<unsigned int, std::allocator<unsigned int>>>, unsigned int*, __gnu_cxx::__ops::_Iter_less_iter>",74.352015,17.3,7.2,0.0,7.2,7.2,25.9,34.2,0.0,0.0,0.0,0.0,0,0,0,0,0,0,0.0,imm,"unsigned int* std::__move_merge<__gnu_cxx::__normal_iterator<unsigned int*, std::vector<unsigned int, std::allocator<unsigned int>>>, unsigned int*, __gnu_cxx::__ops::_Iter_less_iter>(__gnu_cxx::__normal_iterator<unsigned int*, std::vector<unsigned int, std::allocator<unsigned int>>>, __gnu_cxx::__normal_iterator<unsigned int*, std::vector<unsigned int, std::allocator<unsigned int>>>, __gnu_cxx::__normal_iterator<unsigned int*, std::vector<unsigned int, std::allocator<unsigned int>>>, __gnu_cxx::__normal_iterator<unsigned int*, std::vector<unsigned int, std::allocator<unsigned int>>>, unsigned int*, __gnu_cxx::__ops::_Iter_less_iter)",stl_algo.h,0xf590
"__gnu_cxx::__ops::_Iter_less_iter::operator()<__gnu_cxx::__normal_iterator<unsigned int*, std::vector<unsigned int, std::allocator<unsigned int>>>, __gnu_cxx::__normal_iterator<unsigned int*, std::vector<unsigned int, std::allocator<unsigned int>>>>",56.918952,12.3,2.8,5.5,0.0,2.8,19.3,26.1,0.0,0.0,0.0,0.0,390331709600,0,0,0,0,0,7.125945,imm,"bool __gnu_cxx::__ops::_Iter_less_iter::operator()<__gnu_cxx::__normal_iterator<unsigned int*, std::vector<unsigned int, std::allocator<unsigned int>>>, __gnu_cxx::__normal_iterator<unsigned int*, std::vector<unsigned int, std::allocator<unsigned int>>>>(__gnu_cxx::__normal_iterator<unsigned int*, std::vector<unsigned int, std::allocator<unsigned int>>>, __gnu_cxx::__normal_iterator<unsigned int*, std::vector<unsigned int, std::allocator<unsigned int>>>) const",predefined_ops.h,0xf5bc
func@0xa7b0,38.788566,7.8,2.0,0.0,2.0,0.0,25.8,49.6,0.0,0.0,0.0,0.0,147144414200,0,0,0,0,0,7.000000,imm,func@0xa7b0,[Unknown],0xa7b0
"__gnu_cxx::__normal_iterator<unsigned int*, std::vector<unsigned int, std::allocator<unsigned int>>>::operator++",37.568252,11.4,23.4,0.0,1.9,0.0,13.6,27.3,0.0,0.0,0.0,0.0,0,0,0,0,0,0,0.0,imm,"__gnu_cxx::__normal_iterator<unsigned int*, std::vector<unsigned int, std::allocator<unsigned int>>>::operator++(void)",stl_iterator.h,0xf37c
"std::__copy_move<(bool)1, (bool)1, std::random_access_iterator_tag>::__copy_m<unsigned int>",33.035655,41.3,24.0,0.0,0.0,0.0,26.6,39.9,0.0,0.0,0.0,0.0,0,6300189000,0,0,0,0,0.0,imm,"unsigned int* std::__copy_move<(bool)1, (bool)1, std::random_access_iterator_tag>::__copy_m<unsigned int>(unsigned int const*, unsigned int const*, unsigned int*)",stl_algobase.h,0xf694
"std::__copy_move<(bool)1, (bool)1, std::random_access_iterator_tag>::__copy_m<unsigned int>",32.076837,11.0,14.8,0.0,0.0,0.0,19.7,46.7,0.0,0.0,0.0,0.0,0,8960268800,0,0,0,0,0.0,imm,"unsigned int* std::__copy_move<(bool)1, (bool)1, std::random_access_iterator_tag>::__copy_m<unsigned int>(unsigned int const*, unsigned int const*, unsigned int*)",stl_algobase.h,0xf520
"__gnu_cxx::__ops::_Iter_less_iter::operator()<unsigned int*, __gnu_cxx::__normal_iterator<unsigned int*, std::vector<unsigned int, std::allocator<unsigned int>>>>",31.728175,44.6,0.0,14.6,0.0,14.6,31.6,24.3,0.0,0.0,0.0,0.0,7000210000,0,140009800,0,0,0,7.000000,imm,"bool __gnu_cxx::__ops::_Iter_less_iter::operator()<unsigned int*, __gnu_cxx::__normal_iterator<unsigned int*, std::vector<unsigned int, std::allocator<unsigned int>>>>(unsigned int*, __gnu_cxx::__normal_iterator<unsigned int*, std::vector<unsigned int, std::allocator<unsigned int>>>) const",predefined_ops.h,0x12106
"__gnu_cxx::new_allocator<unsigned int>::construct<unsigned int, unsigned int const&>",30.856522,0.9,8.1,13.5,0.0,13.5,13.5,37.8,0.0,0.0,0.0,0.0,0,221346640200,0,0,0,0,0.0,imm,"void __gnu_cxx::new_allocator<unsigned int>::construct<unsigned int, unsigned int const&>(unsigned int*, unsigned int const&&&)",new_allocator.h,0x12bb8
[sep5],28.503059,93.0,28.0,18.7,18.7,0.0,9.3,46.7,0.0,0.0,0.0,0.0,2240067200,140004200,0,0,0,0,7.000000,sep5,[sep5],[Unknown],0x0
"__gnu_cxx::__normal_iterator<unsigned int*, std::vector<unsigned int, std::allocator<unsigned int>>>::operator++",27.195579,2.8,3.1,0.0,0.0,0.0,27.5,51.9,0.0,0.0,0.0,0.0,0,0,0,0,0,0,0.0,imm,"__gnu_cxx::__normal_iterator<unsigned int*, std::vector<unsigned int, std::allocator<unsigned int>>>::operator++(void)",stl_iterator.h,0x12077
"std::__move_merge<unsigned int*, __gnu_cxx::__normal_iterator<unsigned int*, std::vector<unsigned int, std::allocator<unsigned int>>>, __gnu_cxx::__ops::_Iter_less_iter>",25.713768,0.0,19.4,3.2,0.0,0.0,35.6,45.4,0.0,0.0,0.0,0.0,33881016400,14840445200,0,0,0,0,7.269231,imm,"__gnu_cxx::__normal_iterator<unsigned int*, std::vector<unsigned int, std::allocator<unsigned int>>> std::__move_merge<unsigned int*, __gnu_cxx::__normal_iterator<unsigned int*, std::vector<unsigned int, std::allocator<unsigned int>>>, __gnu_cxx::__ops::_Iter_less_iter>(unsigned int*, unsigned int*, unsigned int*, unsigned int*, __gnu_cxx::__normal_iterator<unsigned int*, std::vector<unsigned int, std::allocator<unsigned int>>>, __gnu_cxx::__ops::_Iter_less_iter)",stl_algo.h,0xf74d
"__gnu_cxx::new_allocator<unsigned int>::construct<unsigned int, unsigned int const&>",25.539438,80.2,0.0,0.0,3.1,0.0,0.0,58.1,0.0,0.0,0.0,0.0,0,32200966000,0,0,0,0,0.0,imm,"void __gnu_cxx::new_allocator<unsigned int>::construct<unsigned int, unsigned int const&>(unsigned int*, unsigned int const&&&)",new_allocator.h,0x12bee
unlink_chunk,24.929281,68.8,0.0,9.7,16.2,77.6,35.6,35.6,0.0,0.0,0.0,0.0,2380071400,0,280019600,0,0,0,15.333333,libc-2.29.so,unlink_chunk,malloc.c,0x93760
"__gnu_cxx::__ops::_Iter_less_iter::operator()<__gnu_cxx::__normal_iterator<unsigned int*, std::vector<unsigned int, std::allocator<unsigned int>>>, __gnu_cxx::__normal_iterator<unsigned int*, std::vector<unsigned int, std::allocator<unsigned int>>>>",22.924478,0.0,15.4,0.0,0.0,0.0,30.7,12.3,0.0,0.0,0.0,0.0,247387421400,0,0,0,0,0,7.414286,imm,"bool __gnu_cxx::__ops::_Iter_less_iter::operator()<__gnu_cxx::__normal_iterator<unsigned int*, std::vector<unsigned int, std::allocator<unsigned int>>>, __gnu_cxx::__normal_iterator<unsigned int*, std::vector<unsigned int, std::allocator<unsigned int>>>>(__gnu_cxx::__normal_iterator<unsigned int*, std::vector<unsigned int, std::allocator<unsigned int>>>, __gnu_cxx::__normal_iterator<unsigned int*, std::vector<unsigned int, std::allocator<unsigned int>>>) const",predefined_ops.h,0xf389
clear_huge_page,21.791329,100.0,0.0,0.0,0.0,0.0,0.0,0.0,0.0,0.0,0.0,0.0,280008400,140004200,0,0,0,0,0.0,vmlinux,clear_huge_page,[Unknown],0xffffffffaae4bbe0
"__gnu_cxx::operator-<unsigned int*, std::vector<unsigned int, std::allocator<unsigned int>>>",20.832511,0.0,11.7,0.0,0.0,0.0,46.7,0.0,0.0,0.0,0.0,0.0,0,0,0,0,0,0,0.0,imm,"__gnu_cxx::__normal_iterator<unsigned int*, std::vector<unsigned int, std::allocator<unsigned int>>>::difference_type __gnu_cxx::operator-<unsigned int*, std::vector<unsigned int, std::allocator<unsigned int>>>(__gnu_cxx::__normal_iterator<unsigned int*, std::vector<unsigned int, std::allocator<unsigned int>>> const&, __gnu_cxx::__normal_iterator<unsigned int*, std::vector<unsigned int, std::allocator<unsigned int>>> const&)",stl_iterator.h,0xf3c6
__GI_,19.873692,46.9,0.0,34.4,0.0,45.9,15.3,80.3,0.0,0.0,0.0,0.0,4200126000,1120033600,0,0,0,0,18.250000,libc-2.29.so,"float __GI_(long, int, bool, char)",malloc.c,0x991d0
_int_malloc,19.350700,34.0,3.8,11.4,11.4,34.1,15.2,60.7,0.0,0.0,0.0,0.0,8960268800,14700441000,0,0,0,0,13.434783,libc-2.29.so,_int_malloc,malloc.c,0x966c0
page_fault,17.520229,40.5,0.0,16.2,0.0,28.4,28.4,4.1,0.0,0.0,0.0,0.0,0,0,0,0,0,0,0.0,vmlinux,page_fault,[Unknown],0xffffffffab801070
"__gnu_cxx::__ops::_Iter_less_iter::operator()<__gnu_cxx::__normal_iterator<unsigned int*, std::vector<unsigned int, std::allocator<unsigned int>>>, unsigned int*>",12.115979,,0.0,18.9,0.0,6.3,6.3,50.4,100.0,0.0,100.0,0.0,1260037800,0,0,0,140009800,0,7.000000,imm,"bool __gnu_cxx::__ops::_Iter_less_iter::operator()<__gnu_cxx::__normal_iterator<unsigned int*, std::vector<unsigned int, std::allocator<unsigned int>>>, unsigned int*>(__gnu_cxx::__normal_iterator<unsigned int*, std::vector<unsigned int, std::allocator<unsigned int>>>, unsigned int*) const",predefined_ops.h,0x1208c
"__gnu_cxx::__normal_iterator<unsigned int*, std::vector<unsigned int, std::allocator<unsigned int>>>::operator++",11.331491,0.0,0.0,0.0,0.0,0.0,49.2,7.0,0.0,0.0,0.0,0.0,0,0,0,0,0,0,0.0,imm,"__gnu_cxx::__normal_iterator<unsigned int*, std::vector<unsigned int, std::allocator<unsigned int>>>::operator++(void)",stl_iterator.h,0xf771
apic_timer_interrupt,8.629366,83.8,32.4,0.0,24.3,32.4,0.0,40.5,0.0,0.0,0.0,0.0,0,0,0,0,0,0,0.0,vmlinux,apic_timer_interrupt,[Unknown],0xffffffffab801a60
task_tick_fair,8.367870,52.2,18.5,46.4,9.3,55.6,0.0,74.2,0.0,0.0,0.0,0.0,840025200,840025200,0,0,0,0,0.0,vmlinux,task_tick_fair,[Unknown],0xffffffffaacd77c0
operator new,8.106374,0.0,0.0,60.0,0.0,0.0,10.0,40.0,0.0,0.0,0.0,0.0,0,6720201600,0,0,0,0,7.500000,libstdc++.so.6.0.26,operator new(unsigned long),[Unknown],0xa5a10
"std::__copy_move<(bool)1, (bool)1, std::random_access_iterator_tag>::__copy_m<unsigned int>",7.844879,,0.0,0.0,0.0,0.0,20.6,10.3,0.0,0.0,0.0,0.0,0,10640319200,0,0,0,0,0.0,imm,"unsigned int* std::__copy_move<(bool)1, (bool)1, std::random_access_iterator_tag>::__copy_m<unsigned int>(unsigned int const*, unsigned int const*, unsigned int*)",stl_algobase.h,0xf6b0
account_user_time,7.757713,41.3,0.0,25.2,0.0,100.0,88.3,0.0,0.0,0.0,0.0,0.0,0,420012600,0,0,0,0,0.0,vmlinux,account_user_time,[Unknown],0xffffffffaacccfa0
"std::__copy_move<(bool)1, (bool)1, std::random_access_iterator_tag>::__copy_m<unsigned int>",7.670548,50.7,16.1,0.0,0.0,0.0,8.0,48.3,0.0,0.0,0.0,0.0,0,12040361200,0,0,0,0,0.0,imm,"unsigned int* std::__copy_move<(bool)1, (bool)1, std::random_access_iterator_tag>::__copy_m<unsigned int>(unsigned int const*, unsigned int const*, unsigned int*)",stl_algobase.h,0xf537
try_charge,7.670548,91.0,0.0,11.3,0.0,0.0,0.0,0.0,0.0,0.0,0.0,0.0,560016800,840025200,0,0,0,0,9.000000,vmlinux,try_charge,[Unknown],0xffffffffaae9fb50
_raw_spin_lock,7.060391,88.4,34.7,0.0,0.0,0.0,0.0,0.0,0.0,0.0,0.0,0.0,420012600,280008400,0,0,0,0,0.0,vmlinux,_raw_spin_lock,[Unknown],0xffffffffab650560
clear_subpage,6.711729,71.4,13.6,0.0,0.0,0.0,0.0,0.0,0.0,0.0,0.0,0.0,1540046200,840025200,0,0,0,0,0.0,vmlinux,clear_subpage,[Unknown],0xffffffffaae43800
__handle_mm_fault,6.537399,,69.3,0.0,13.9,0.0,0.0,27.7,0.0,0.0,0.0,0.0,2380071400,840025200,140009800,0,0,0,18.500000,vmlinux,__handle_mm_fault,[Unknown],0xffffffffaae48830
get_page_from_freelist,6.363068,,0.0,48.3,0.0,96.5,16.1,32.2,0.0,0.0,0.0,0.0,3220096600,1960058800,0,0,0,0,18.666667,vmlinux,get_page_from_freelist,[Unknown],0xffffffffaae0f520
trigger_load_balance,6.363068,96.2,56.5,11.3,33.9,11.3,11.3,45.2,0.0,0.0,0.0,0.0,420012600,0,0,0,0,0,0.0,vmlinux,trigger_load_balance,[Unknown],0xffffffffaacdb5d0
__memset_avx2_erms,6.188737,,0.0,0.0,0.0,0.0,0.0,0.0,0.0,0.0,0.0,0.0,0,0,0,0,0,0,0.0,libc-2.29.so,__memset_avx2_erms,memset-vec-unaligned-erms.S,0x1894d0
ktime_get_update_offsets_now,5.578580,59.2,0.0,0.0,62.2,46.7,77.8,15.6,0.0,0.0,0.0,0.0,0,0,0,0,0,0,0.0,vmlinux,ktime_get_update_offsets_now,[Unknown],0xffffffffaad26be0
"std::deque<unsigned int, std::allocator<unsigned int>>::_M_push_back_aux<unsigned int const&>",5.404250,0.0,28.9,0.0,0.0,0.0,0.0,86.6,0.0,0.0,0.0,0.0,1260037800,280008400,0,0,0,0,9.000000,imm,"void std::deque<unsigned int, std::allocator<unsigned int>>::_M_push_back_aux<unsigned int const&>(unsigned int const&&&)",deque.tcc,0x45100
"std::__merge_sort_loop<unsigned int*, __gnu_cxx::__normal_iterator<unsigned int*, std::vector<unsigned int, std::allocator<unsigned int>>>, long, __gnu_cxx::__ops::_Iter_less_iter>",5.229919,-0.0,0.0,0.0,0.0,0.0,15.1,15.1,0.0,0.0,0.0,0.0,280008400,0,0,0,0,0,7.000000,imm,"void std::__merge_sort_loop<unsigned int*, __gnu_cxx::__normal_iterator<unsigned int*, std::vector<unsigned int, std::allocator<unsigned int>>>, long, __gnu_cxx::__ops::_Iter_less_iter>(unsigned int*, unsigned int*, __gnu_cxx::__normal_iterator<unsigned int*, std::vector<unsigned int, std::allocator<unsigned int>>>, long, __gnu_cxx::__ops::_Iter_less_iter)",stl_algo.h,0xf5e4
"__gnu_cxx::operator-<unsigned int*, std::vector<unsigned int, std::allocator<unsigned int>>>",4.794092,-0.0,0.0,0.0,0.0,0.0,37.8,37.8,0.0,0.0,0.0,0.0,3500105000,0,0,0,0,0,7.000000,imm,"__gnu_cxx::__normal_iterator<unsigned int*, std::vector<unsigned int, std::allocator<unsigned int>>>::difference_type __gnu_cxx::operator-<unsigned int*, std::vector<unsigned int, std::allocator<unsigned int>>>(__gnu_cxx::__normal_iterator<unsigned int*, std::vector<unsigned int, std::allocator<unsigned int>>> const&, __gnu_cxx::__normal_iterator<unsigned int*, std::vector<unsigned int, std::allocator<unsigned int>>> const&)",stl_iterator.h,0xf46a
get_mem_cgroup_from_mm,4.794092,100.0,97.7,0.0,0.0,0.0,0.0,0.0,0.0,0.0,0.0,0.0,280008400,140004200,0,0,0,0,0.0,vmlinux,get_mem_cgroup_from_mm,[Unknown],0xffffffffaae9b5c0
update_curr,4.794092,,47.5,0.0,47.5,11.9,47.5,47.5,50.0,100.0,100.0,0.0,700021000,280008400,140009800,140009800,140009800,0,0.0,vmlinux,update_curr,[Unknown],0xffffffffaacd2fd0
ktime_get,4.358266,32.5,0.0,0.0,93.3,0.0,0.0,23.3,0.0,0.0,0.0,0.0,280008400,140004200,0,0,0,0,7.000000,vmlinux,ktime_get,[Unknown],0xffffffffaad25d90
tcache_get,4.096770,18.0,43.7,21.9,0.0,0.0,0.0,65.6,0.0,0.0,0.0,0.0,840025200,3920117600,0,0,0,0,11.500000,libc-2.29.so,tcache_get,malloc.c,0x98bd9
mem_cgroup_try_charge_delay,3.835274,66.7,0.0,0.0,0.0,0.0,0.0,0.0,0.0,0.0,0.0,0.0,0,140004200,0,0,0,0,0.0,vmlinux,mem_cgroup_try_charge_delay,[Unknown],0xffffffffaaea2100
mem_cgroup_try_charge,3.660943,0.0,0.0,0.0,0.0,0.0,0.0,0.0,0.0,0.0,0.0,0.0,840025200,700021000,0,0,0,0,0.0,vmlinux,mem_cgroup_try_charge,[Unknown],0xffffffffaaea1f70
native_queued_spin_lock_slowpath,3.660943,75.0,31.1,62.2,0.0,0.0,0.0,0.0,0.0,0.0,0.0,0.0,0,0,0,0,0,0,0.0,vmlinux,native_queued_spin_lock_slowpath,[Unknown],0xffffffffaacf1320
operator delete,3.660943,0.0,52.8,0.0,0.0,0.0,26.4,73.6,0.0,0.0,0.0,0.0,0,0,0,0,0,0,0.0,libstdc++.so.6.0.26,operator delete(void*),[Unknown],0xa3d60
pfn_pte,3.573778,100.0,0.0,0.0,0.0,0.0,0.0,0.0,0.0,0.0,0.0,0.0,280008400,0,0,0,0,0,0.0,vmlinux,pfn_pte,[Unknown],0xffffffffaae43530
"__gnu_cxx::__normal_iterator<unsigned int*, std::vector<unsigned int, std::allocator<unsigned int>>>::operator+",3.486613,22.1,41.8,0.0,0.0,0.0,41.8,20.9,0.0,0.0,0.0,0.0,1120033600,0,0,0,0,0,7.000000,imm,"__gnu_cxx::__normal_iterator<unsigned int*, std::vector<unsigned int, std::allocator<unsigned int>>>::operator+(long) const",stl_iterator.h,0xf495
run_local_timers,3.486613,79.1,83.6,0.0,100.0,0.0,20.9,20.9,0.0,0.0,0.0,0.0,420012600,140004200,0,0,0,0,0.0,vmlinux,run_local_timers,[Unknown],0xffffffffaad22820
rcu_all_qs,3.399447,78.8,0.0,0.0,0.0,0.0,0.0,0.0,0.0,0.0,0.0,0.0,280008400,420012600,0,0,0,0,13.000000,vmlinux,rcu_all_qs,[Unknown],0xffffffffaad121e0
__gnu_cxx::new_allocator<unsigned int>::deallocate,3.312282,-0.0,0.0,41.2,0.0,20.6,41.2,20.6,0.0,0.0,0.0,0.0,2520075600,2240067200,0,0,0,0,0.0,imm,"__gnu_cxx::new_allocator<unsigned int>::deallocate(unsigned int*, unsigned long)",new_allocator.h,0x12d60
_cond_resched,3.137951,,0.0,0.0,0.0,0.0,0.0,0.0,0.0,0.0,0.0,0.0,280008400,0,0,0,0,0,9.000000,vmlinux,_cond_resched,[Unknown],0xffffffffab64b1c0
interrupt_entry,3.137951,0.0,56.0,0.0,0.0,28.0,28.0,0.0,0.0,100.0,0.0,0.0,140004200,140004200,0,140009800,0,0,0.0,vmlinux,interrupt_entry,[Unknown],0xffffffffab800880
rcu_sched_clock_irq,2.963621,56.3,35.0,0.0,70.0,35.0,70.0,30.0,0.0,0.0,0.0,0.0,0,0,0,0,0,0,0.0,vmlinux,rcu_sched_clock_irq,[Unknown],0xffffffffaad14a20
"__gnu_cxx::__normal_iterator<unsigned int*, std::vector<unsigned int, std::allocator<unsigned int>>>::operator+",2.702125,,0.0,0.0,0.0,0.0,0.0,63.6,0.0,0.0,0.0,0.0,0,0,0,0,0,0,0.0,imm,"__gnu_cxx::__normal_iterator<unsigned int*, std::vector<unsigned int, std::allocator<unsigned int>>>::operator+(long) const",stl_iterator.h,0xf355
"std::__merge_sort_loop<__gnu_cxx::__normal_iterator<unsigned int*, std::vector<unsigned int, std::allocator<unsigned int>>>, unsigned int*, long, __gnu_cxx::__ops::_Iter_less_iter>",2.614960,-0.0,0.0,0.0,0.0,0.0,100.0,0.0,0.0,0.0,0.0,0.0,0,0,0,0,0,0,0.0,imm,"void std::__merge_sort_loop<__gnu_cxx::__normal_iterator<unsigned int*, std::vector<unsigned int, std::allocator<unsigned int>>>, unsigned int*, long, __gnu_cxx::__ops::_Iter_less_iter>(__gnu_cxx::__normal_iterator<unsigned int*, std::vector<unsigned int, std::allocator<unsigned int>>>, __gnu_cxx::__normal_iterator<unsigned int*, std::vector<unsigned int, std::allocator<unsigned int>>>, unsigned int*, long, __gnu_cxx::__ops::_Iter_less_iter)",stl_algo.h,0xf46a
sync_regs,2.614960,-0.0,0.0,0.0,0.0,0.0,0.0,77.8,0.0,0.0,0.0,0.0,0,140004200,0,0,0,0,0.0,vmlinux,sync_regs,[Unknown],0xffffffffaac2f3b0
hrtimer_interrupt,2.440629,0.0,0.0,40.0,80.0,0.0,40.0,0.0,0.0,0.0,0.0,0.0,420012600,280008400,0,0,0,0,0.0,vmlinux,hrtimer_interrupt,[Unknown],0xffffffffaad23c70
__update_load_avg_cfs_rq,2.266298,80.0,80.0,0.0,0.0,40.0,0.0,40.0,0.0,0.0,0.0,0.0,280008400,840025200,0,0,0,0,0.0,vmlinux,__update_load_avg_cfs_rq,[Unknown],0xffffffffaace7ca0
hrtimer_active,2.266298,,84.8,42.4,0.0,84.8,42.4,57.6,0.0,0.0,0.0,0.0,280008400,0,0,0,0,0,6.000000,vmlinux,hrtimer_active,[Unknown],0xffffffffaad22c80
__free_pages_ok,2.179133,16.0,56.0,0.0,0.0,0.0,100.0,0.0,100.0,0.0,100.0,0.0,2100063000,1120033600,0,0,140009800,0,163.000000,vmlinux,__free_pages_ok,[Unknown],0xffffffffaae0d480
std::_Bit_reference::operator=,2.179133,,0.0,0.0,0.0,0.0,0.0,57.1,0.0,0.0,0.0,0.0,46481394400,68742062200,0,0,0,0,7.233083,imm,std::_Bit_reference::operator=(bool),stl_bvector.h,0x12bdc
_raw_spin_lock_irqsave,2.091968,0.0,0.0,0.0,31.8,0.0,0.0,0.0,0.0,0.0,0.0,0.0,140004200,420012600,0,0,0,0,0.0,vmlinux,_raw_spin_lock_irqsave,[Unknown],0xffffffffab650390
kick_ilb,2.091968,0.0,0.0,0.0,100.0,0.0,0.0,29.2,0.0,0.0,0.0,0.0,0,0,0,0,0,0,0.0,vmlinux,kick_ilb,[Unknown],0xffffffffaacce2a0
mem_cgroup_throttle_swaprate,2.091968,,33.3,0.0,0.0,0.0,0.0,0.0,0.0,0.0,0.0,0.0,0,0,0,0,0,0,8.000000,vmlinux,mem_cgroup_throttle_swaprate,[Unknown],0xffffffffaae69730
prep_new_page,2.091968,100.0,0.0,0.0,0.0,0.0,0.0,40.0,0.0,0.0,0.0,0.0,140004200,560016800,0,0,0,0,0.0,vmlinux,prep_new_page,[Unknown],0xffffffffaae0c730
lru_cache_add_active_or_unevictable,2.004802,36.4,100.0,0.0,0.0,0.0,0.0,0.0,0.0,0.0,0.0,0.0,980029400,0,0,0,0,0,0.0,vmlinux,lru_cache_add_active_or_unevictable,[Unknown],0xffffffffaae1af60
rcu_irq_enter,2.004802,0.0,0.0,0.0,34.1,68.3,34.1,65.9,0.0,0.0,0.0,0.0,280008400,0,0,0,0,0,0.0,vmlinux,rcu_irq_enter,[Unknown],0xffffffffaad14900
down_read_trylock,1.917637,75.9,0.0,96.5,0.0,0.0,0.0,0.0,0.0,0.0,0.0,0.0,420012600,140004200,0,0,0,0,0.0,vmlinux,down_read_trylock,[Unknown],0xffffffffaacf09f0
llist_add_batch,1.743306,63.2,100.0,0.0,0.0,0.0,0.0,73.7,0.0,0.0,0.0,0.0,0,0,0,0,0,0,0.0,vmlinux,llist_add_batch,[Unknown],0xffffffffab0ec440
tcache_put,1.743306,-0.0,0.0,50.0,0.0,0.0,0.0,0.0,0.0,0.0,0.0,0.0,1820054600,3220096600,0,0,0,0,0.0,libc-2.29.so,tcache_put,malloc.c,0x95390
call_function_interrupt,1.656141,100.0,0.0,100.0,0.0,0.0,0.0,100.0,0.0,0.0,0.0,0.0,0,0,0,0,0,0,0.0,vmlinux,call_function_interrupt,[Unknown],0xffffffffab801b20
"__gnu_cxx::__normal_iterator<unsigned int*, std::vector<unsigned int, std::allocator<unsigned int>>>::operator--",1.568976,-0.0,0.0,0.0,0.0,0.0,0.0,0.0,0.0,0.0,0.0,0.0,0,0,0,0,0,0,0.0,imm,"__gnu_cxx::__normal_iterator<unsigned int*, std::vector<unsigned int, std::allocator<unsigned int>>>::operator--(void)",stl_iterator.h,0xf3b1
__hrtimer_run_queues,1.568976,-0.0,0.0,0.0,0.0,53.8,0.0,53.8,0.0,0.0,0.0,0.0,0,140004200,0,0,0,0,0.0,vmlinux,__hrtimer_run_queues,[Unknown],0xffffffffaad23490
__pagevec_lru_add_fn,1.568976,0.0,0.0,0.0,56.0,0.0,0.0,0.0,0.0,0.0,0.0,0.0,980029400,560016800,0,0,0,0,0.0,vmlinux,__pagevec_lru_add_fn,[Unknown],0xffffffffaae1a370
ksoftirqd_running,1.568976,,100.0,0.0,0.0,90.3,0.0,100.0,0.0,0.0,0.0,0.0,0,0,0,0,0,0,0.0,vmlinux,ksoftirqd_running,[Unknown],0xffffffffaac9c6e0
__acct_update_integrals,1.481810,0.0,0.0,0.0,100.0,0.0,63.6,36.4,0.0,0.0,0.0,0.0,0,0,0,0,0,0,0.0,vmlinux,__acct_update_integrals,[Unknown],0xffffffffaad7ef80
tick_program_event,1.481810,0.0,0.0,0.0,0.0,87.5,0.0,87.5,0.0,0.0,0.0,0.0,0,280008400,0,0,0,0,0.0,vmlinux,tick_program_event,[Unknown],0xffffffffaad34060
cpuacct_charge,1.394645,22.2,51.9,0.0,0.0,100.0,0.0,0.0,0.0,100.0,0.0,0.0,280008400,0,0,140009800,0,0,0.0,vmlinux,cpuacct_charge,[Unknown],0xffffffffaacee270
irq_enter,1.307480,0.0,100.0,0.0,100.0,100.0,100.0,0.0,0.0,0.0,0.0,0.0,140004200,0,0,0,0,0,0.0,vmlinux,irq_enter,[Unknown],0xffffffffaac9d140
release_pages,1.307480,,0.0,0.0,0.0,0.0,0.0,0.0,0.0,0.0,0.0,0.0,1960058800,1540046200,0,0,0,0,7.000000,vmlinux,release_pages,[Unknown],0xffffffffaae1a650
"__gnu_cxx::__normal_iterator<unsigned int*, std::vector<unsigned int, std::allocator<unsigned int>>>::operator+",1.220314,-0.0,0.0,0.0,0.0,0.0,0.0,0.0,0.0,0.0,0.0,0.0,0,0,0,0,0,0,0.0,imm,"__gnu_cxx::__normal_iterator<unsigned int*, std::vector<unsigned int, std::allocator<unsigned int>>>::operator+(long) const",stl_iterator.h,0xf350
rb_next,1.220314,0.0,100.0,0.0,0.0,100.0,100.0,0.0,0.0,0.0,0.0,0.0,0,0,0,0,0,0,0.0,vmlinux,rb_next,[Unknown],0xffffffffab6312d0
__cgroup_account_cputime_field,1.133149,72.0,0.0,100.0,0.0,100.0,0.0,56.0,0.0,0.0,0.0,0.0,0,140004200,0,0,0,0,0.0,vmlinux,__cgroup_account_cputime_field,[Unknown],0xffffffffaad51b50
account_entity_dequeue,1.133149,0.0,0.0,87.5,87.5,0.0,0.0,100.0,0.0,0.0,0.0,0.0,280008400,140004200,0,0,0,0,0.0,vmlinux,account_entity_dequeue,[Unknown],0xffffffffaacd24f0
handle_mm_fault,1.133149,,100.0,0.0,0.0,0.0,0.0,0.0,0.0,0.0,0.0,0.0,980029400,840025200,0,0,0,0,0.0,vmlinux,handle_mm_fault,[Unknown],0xffffffffaae49ab0
run_timer_softirq,1.133149,-0.0,0.0,0.0,77.8,0.0,0.0,77.8,0.0,100.0,0.0,0.0,0,0,0,140009800,0,0,0.0,vmlinux,run_timer_softirq,[Unknown],0xffffffffaad21380
unmap_page_range,1.133149,0.0,0.0,0.0,0.0,0.0,100.0,0.0,0.0,0.0,0.0,0.0,1680050400,980029400,0,0,0,0,7.000000,vmlinux,unmap_page_range,[Unknown],0xffffffffaae45c80
up_read,1.133149,0.0,0.0,0.0,0.0,0.0,0.0,0.0,0.0,0.0,0.0,0.0,560016800,420012600,0,0,0,0,0.0,vmlinux,up_read,[Unknown],0xffffffffaacf0a70
update_min_vruntime,1.133149,0.0,66.7,0.0,0.0,100.0,100.0,0.0,0.0,0.0,0.0,0.0,0,0,0,0,0,0,0.0,vmlinux,update_min_vruntime,[Unknown],0xffffffffaaccde80
__alloc_pages_nodemask,1.045984,-0.0,0.0,0.0,0.0,0.0,0.0,0.0,0.0,0.0,0.0,0.0,1260037800,1260037800,0,0,0,0,0.0,vmlinux,__alloc_pages_nodemask,[Unknown],0xffffffffaae11a00
"__gnu_cxx::__normal_iterator<unsigned int*, std::vector<unsigned int, std::allocator<unsigned int>>>::operator--",1.045984,0.0,0.0,0.0,0.0,0.0,0.0,0.0,0.0,0.0,0.0,0.0,0,0,0,0,0,0,0.0,imm,"__gnu_cxx::__normal_iterator<unsigned int*, std::vector<unsigned int, std::allocator<unsigned int>>>::operator--(void)",stl_iterator.h,0x1211c
__update_load_avg_se,1.045984,0.0,0.0,58.3,0.0,0.0,0.0,0.0,0.0,0.0,0.0,0.0,420012600,980029400,0,0,0,0,0.0,vmlinux,__update_load_avg_se,[Unknown],0xffffffffaace7a00
calc_global_load_tick,1.045984,0.0,0.0,100.0,0.0,0.0,0.0,100.0,0.0,0.0,0.0,0.0,420012600,0,0,0,0,0,0.0,vmlinux,calc_global_load_tick,[Unknown],0xffffffffaacccb40
native_sched_clock,1.045984,0.0,56.0,56.0,0.0,56.0,56.0,0.0,0.0,0.0,0.0,0.0,0,0,0,0,0,0,0.0,vmlinux,native_sched_clock,[Unknown],0xffffffffaac38f10
kthread_blkcg,0.958818,46.2,100.0,0.0,0.0,0.0,0.0,0.0,0.0,0.0,0.0,0.0,560016800,0,0,0,0,0,0.0,vmlinux,kthread_blkcg,[Unknown],0xffffffffaacbcd80
page_counter_try_charge,0.958818,100.0,100.0,60.9,0.0,0.0,0.0,0.0,0.0,0.0,0.0,0.0,140004200,0,0,0,0,0,0.0,vmlinux,page_counter_try_charge,[Unknown],0xffffffffaae99db0
perf_event_task_tick,0.958818,100.0,100.0,0.0,100.0,0.0,0.0,100.0,0.0,0.0,0.0,0.0,0,0,0,0,0,0,0.0,vmlinux,perf_event_task_tick,[Unknown],0xffffffffaadf19d0
smp_apic_timer_interrupt,0.958818,0.0,0.0,0.0,70.0,70.0,70.0,0.0,0.0,0.0,0.0,0.0,0,0,0,0,0,0,0.0,vmlinux,smp_apic_timer_interrupt,[Unknown],0xffffffffab8024e0
"std::_Deque_iterator<unsigned int, unsigned int&, unsigned int*>::_M_set_node",0.958818,-0.0,0.0,0.0,0.0,0.0,0.0,100.0,0.0,0.0,0.0,0.0,0,0,0,0,0,0,19.000000,imm,"std::_Deque_iterator<unsigned int, unsigned int&, unsigned int*>::_M_set_node(unsigned int**)",stl_deque.h,0x45155
update_cfs_group,0.958818,100.0,77.8,77.8,0.0,0.0,0.0,0.0,0.0,0.0,0.0,0.0,140004200,0,0,0,0,0,0.0,vmlinux,update_cfs_group,[Unknown],0xffffffffaacd3380
func@0x967a0,0.871653,0.0,93.3,0.0,0.0,0.0,0.0,93.3,0.0,0.0,0.0,0.0,1400042000,0,0,0,0,0,0.0,libstdc++.so.6.0.26,func@0x967a0,[Unknown],0x967a0
page_remove_rmap,0.871653,-0.0,0.0,0.0,0.0,0.0,100.0,0.0,0.0,0.0,0.0,0.0,1120033600,280008400,0,0,0,0,0.0,vmlinux,page_remove_rmap,[Unknown],0xffffffffaae59db0
scheduler_tick,0.871653,22.2,100.0,0.0,100.0,0.0,100.0,0.0,0.0,0.0,0.0,0.0,0,560016800,0,0,0,0,0.0,vmlinux,scheduler_tick,[Unknown],0xffffffffaacca6f0
update_sd_lb_stats,0.871653,0.0,0.0,0.0,0.0,100.0,0.0,100.0,0.0,0.0,0.0,0.0,140004200,0,0,0,0,0,0.0,vmlinux,update_sd_lb_stats,[Unknown],0xffffffffaacd8eb0
_raw_spin_lock_irq,0.784488,,100.0,0.0,0.0,0.0,0.0,0.0,0.0,0.0,0.0,0.0,140004200,140004200,0,0,0,0,0.0,vmlinux,_raw_spin_lock_irq,[Unknown],0xffffffffab650590
find_vma,0.784488,46.2,100.0,0.0,0.0,100.0,0.0,100.0,0.0,0.0,0.0,0.0,140004200,0,0,0,0,0,0.0,vmlinux,find_vma,[Unknown],0xffffffffaae4ec20
flush_tlb_func_remote,0.784488,0.0,0.0,93.3,0.0,0.0,0.0,93.3,0.0,0.0,0.0,0.0,0,140004200,0,0,0,0,0.0,vmlinux,flush_tlb_func_remote,[Unknown],0xffffffffaac84330
native_flush_tlb_one_user,0.784488,0.0,100.0,0.0,0.0,100.0,0.0,100.0,0.0,0.0,0.0,0.0,0,140004200,0,0,0,0,0.0,vmlinux,native_flush_tlb_one_user,[Unknown],0xffffffffaac73e10
"ripples::Graph<unsigned int, ripples::WeightedDestination<unsigned int, float>, ripples::ForwardDirection<unsigned int>>::get_transpose",0.784488,100.0,100.0,0.0,0.0,100.0,0.0,0.0,0.0,0.0,0.0,0.0,0,0,0,0,0,0,0.0,imm,"ripples::Graph<unsigned int, ripples::WeightedDestination<unsigned int, float>, ripples::ForwardDirection<unsigned int>>::get_transpose(void) const",graph.h,0x41d40
smp_call_function_many,0.784488,46.2,100.0,0.0,0.0,0.0,0.0,0.0,0.0,0.0,0.0,0.0,140004200,140004200,0,0,0,0,0.0,vmlinux,smp_call_function_many,[Unknown],0xffffffffaad3a340
__default_send_IPI_dest_field,0.697323,0.0,0.0,0.0,0.0,0.0,0.0,100.0,0.0,0.0,0.0,0.0,0,0,0,0,0,0,0.0,vmlinux,__default_send_IPI_dest_field,[Unknown],0xffffffffaac63f70
__do_page_fault,0.697323,0.0,0.0,0.0,0.0,0.0,0.0,0.0,0.0,0.0,0.0,0.0,280008400,1820054600,0,0,0,0,8.500000,vmlinux,__do_page_fault,[Unknown],0xffffffffaac7c190
__do_softirq,0.697323,0.0,100.0,0.0,0.0,100.0,0.0,0.0,0.0,0.0,0.0,0.0,280008400,0,0,0,0,0,7.000000,vmlinux,__do_softirq,[Unknown],0xffffffffaba00000
cgroup_rstat_updated,0.697323,-0.0,0.0,0.0,0.0,100.0,0.0,100.0,0.0,0.0,0.0,0.0,140004200,140004200,0,0,0,0,0.0,vmlinux,cgroup_rstat_updated,[Unknown],0xffffffffaad515c0
cpuacct_account_field,0.697323,0.0,100.0,0.0,100.0,0.0,0.0,100.0,0.0,0.0,0.0,0.0,0,0,0,0,0,0,0.0,vmlinux,cpuacct_account_field,[Unknown],0xffffffffaacee2f0
psi_task_change,0.697323,100.0,100.0,0.0,0.0,0.0,0.0,0.0,0.0,0.0,0.0,0.0,140004200,140004200,0,0,0,0,0.0,vmlinux,psi_task_change,[Unknown],0xffffffffaacefeb0
read_tsc,0.697323,0.0,100.0,0.0,100.0,0.0,0.0,0.0,0.0,0.0,0.0,0.0,0,140004200,0,0,0,0,0.0,vmlinux,read_tsc,[Unknown],0xffffffffaac38db0
account_process_tick,0.610157,0.0,0.0,0.0,0.0,0.0,0.0,0.0,0.0,0.0,0.0,0.0,0,140004200,0,0,0,0,0.0,vmlinux,account_process_tick,[Unknown],0xffffffffaaccd360
select_task_rq_fair,0.610157,0.0,0.0,0.0,0.0,0.0,0.0,0.0,0.0,0.0,0.0,0.0,0,140004200,0,0,0,0,0.0,vmlinux,select_task_rq_fair,[Unknown],0xffffffffaaccf640
update_rq_clock,0.610157,0.0,100.0,0.0,0.0,100.0,0.0,100.0,0.0,0.0,0.0,0.0,0,0,0,0,0,0,0.0,vmlinux,update_rq_clock,[Unknown],0xffffffffaacc65c0
__inc_numa_state,0.522992,100.0,100.0,0.0,0.0,0.0,0.0,0.0,0.0,0.0,0.0,0.0,560016800,280008400,0,0,0,0,0.0,vmlinux,__inc_numa_state,[Unknown],0xffffffffaae2fe50
func@0xa470,0.522992,0.0,100.0,0.0,0.0,0.0,0.0,100.0,0.0,0.0,0.0,0.0,3920117600,0,0,0,0,0,7.000000,imm,func@0xa470,[Unknown],0xa470
idle_cpu,0.522992,0.0,100.0,0.0,0.0,0.0,100.0,0.0,0.0,0.0,0.0,0.0,140004200,0,0,0,0,0,0.0,vmlinux,idle_cpu,[Unknown],0xffffffffaaccac40
llist_reverse_order,0.522992,-0.0,0.0,0.0,0.0,0.0,100.0,0.0,0.0,0.0,0.0,0.0,140004200,0,0,0,0,0,0.0,vmlinux,llist_reverse_order,[Unknown],0xffffffffab0ec4a0
"std::__chunk_insertion_sort<__gnu_cxx::__normal_iterator<unsigned int*, std::vector<unsigned int, std::allocator<unsigned int>>>, long, __gnu_cxx::__ops::_Iter_less_iter>",0.522992,-0.0,0.0,0.0,0.0,0.0,0.0,0.0,0.0,0.0,0.0,0.0,0,0,0,0,0,0,0.0,imm,"void std::__chunk_insertion_sort<__gnu_cxx::__normal_iterator<unsigned int*, std::vector<unsigned int, std::allocator<unsigned int>>>, long, __gnu_cxx::__ops::_Iter_less_iter>(__gnu_cxx::__normal_iterator<unsigned int*, std::vector<unsigned int, std::allocator<unsigned int>>>, __gnu_cxx::__normal_iterator<unsigned int*, std::vector<unsigned int, std::allocator<unsigned int>>>, long, __gnu_cxx::__ops::_Iter_less_iter)",stl_algo.h,0xf33b
strncpy,0.522992,0.0,0.0,0.0,0.0,0.0,0.0,0.0,0.0,0.0,0.0,0.0,0,0,0,0,0,0,0.0,vmlinux,strncpy,[Unknown],0xffffffffab6344c0
tick_sched_do_timer,0.522992,-0.0,0.0,0.0,0.0,0.0,0.0,0.0,0.0,0.0,0.0,0.0,0,0,0,0,0,0,0.0,vmlinux,tick_sched_do_timer,[Unknown],0xffffffffaad34820
_ZN7ripples9partitionIN9__gnu_cxx17__normal_iteratorIPSt6vectorIjSaIjEES3_IS5_SaIS5_EEEEZNS_28CPUFindMostInfluentialWorkerINS_5GraphIjNS_19WeightedDestinationIjfEENS_17BackwardDirectionIjEEEEE14UpdateCountersEjEUlRKS5_E_EET_SL_SL_T0_m._omp_fn.9,0.435827,-0.0,0.0,0.0,0.0,0.0,0.0,0.0,0.0,0.0,0.0,0.0,0,0,0,0,0,0,0.0,imm,_ZN7ripples9partitionIN9__gnu_cxx17__normal_iteratorIPSt6vectorIjSaIjEES3_IS5_SaIS5_EEEEZNS_28CPUFindMostInfluentialWorkerINS_5GraphIjNS_19WeightedDestinationIjfEENS_17BackwardDirectionIjEEEEE14UpdateCountersEjEUlRKS5_E_EET_SL_SL_T0_m._omp_fn.9,partition.h,0x17110
_raw_spin_unlock_irqrestore,0.435827,0.0,0.0,0.0,0.0,0.0,0.0,0.0,0.0,0.0,0.0,0.0,840025200,0,0,0,0,0,0.0,vmlinux,_raw_spin_unlock_irqrestore,[Unknown],0xffffffffab6501e0
alloc_page_interleave,0.435827,0.0,0.0,0.0,0.0,0.0,0.0,0.0,0.0,0.0,0.0,0.0,140004200,0,0,0,0,0,0.0,vmlinux,alloc_page_interleave,[Unknown],0xffffffffaae73f50
default_send_IPI_mask_sequence_phys,0.435827,100.0,100.0,0.0,0.0,0.0,0.0,100.0,0.0,0.0,0.0,0.0,0,0,0,0,0,0,0.0,vmlinux,default_send_IPI_mask_sequence_phys,[Unknown],0xffffffffaac64030
find_first_bit,0.435827,0.0,0.0,0.0,0.0,0.0,0.0,0.0,0.0,0.0,0.0,0.0,140004200,0,0,0,0,0,0.0,vmlinux,find_first_bit,[Unknown],0xffffffffab0ec260
free_pcppages_bulk,0.435827,-0.0,0.0,0.0,0.0,0.0,0.0,0.0,0.0,0.0,0.0,0.0,2940088200,2100063000,0,0,0,0,7.000000,vmlinux,free_pcppages_bulk,[Unknown],0xffffffffaae0d780
func@0xa460,0.435827,-0.0,0.0,0.0,0.0,0.0,0.0,0.0,0.0,0.0,0.0,0.0,840025200,0,0,0,0,0,0.0,imm,func@0xa460,[Unknown],0xa460
intel_pstate_update_util_hwp,0.435827,-0.0,0.0,100.0,0.0,100.0,100.0,0.0,0.0,0.0,0.0,0.0,0,0,0,0,0,0,0.0,vmlinux,intel_pstate_update_util_hwp,[Unknown],0xffffffffab46a160
irq_work_tick,0.435827,0.0,0.0,0.0,0.0,100.0,100.0,0.0,0.0,0.0,0.0,0.0,0,0,0,0,0,0,0.0,vmlinux,irq_work_tick,[Unknown],0xffffffffaadc1d00
mem_cgroup_charge_statistics,0.435827,0.0,0.0,0.0,0.0,0.0,0.0,0.0,0.0,0.0,0.0,0.0,280008400,420012600,0,0,0,0,9.000000,vmlinux,mem_cgroup_charge_statistics,[Unknown],0xffffffffaae9bf80
native_write_msr,0.435827,-0.0,0.0,0.0,0.0,0.0,0.0,0.0,0.0,0.0,0.0,0.0,140004200,0,0,0,0,0,0.0,vmlinux,native_write_msr,[Unknown],0xffffffffaac73f60
"std::deque<unsigned int, std::allocator<unsigned int>>::_M_reserve_map_at_back",0.435827,0.0,0.0,0.0,100.0,0.0,0.0,0.0,0.0,0.0,0.0,0.0,2100063000,0,0,0,0,0,6.333333,imm,"std::deque<unsigned int, std::allocator<unsigned int>>::_M_reserve_map_at_back(unsigned long)",stl_deque.h,0x45114
unmapped_area_topdown,0.435827,0.0,0.0,0.0,0.0,0.0,0.0,0.0,0.0,0.0,0.0,0.0,0,0,0,0,0,0,0.0,vmlinux,unmapped_area_topdown,[Unknown],0xffffffffaae50520
__bitmap_weight,0.348661,-0.0,0.0,0.0,0.0,0.0,0.0,0.0,0.0,0.0,0.0,0.0,700021000,0,0,0,0,0,0.0,vmlinux,__bitmap_weight,[Unknown],0xffffffffab0e4ac0
__calc_delta,0.348661,-0.0,0.0,0.0,0.0,0.0,0.0,0.0,0.0,0.0,0.0,0.0,0,0,0,0,0,0,0.0,vmlinux,__calc_delta,[Unknown],0xffffffffaaccdda0
__lru_cache_add,0.348661,-0.0,0.0,0.0,0.0,0.0,0.0,0.0,0.0,0.0,0.0,0.0,280008400,0,0,0,0,0,0.0,vmlinux,__lru_cache_add,[Unknown],0xffffffffaae1aba0
alloc_perturb,0.348661,0.0,0.0,100.0,0.0,0.0,0.0,0.0,0.0,0.0,0.0,0.0,2660079800,0,0,0,0,0,0.0,libc-2.29.so,alloc_perturb,malloc.c,0x970f1
cpumask_next,0.348661,0.0,0.0,0.0,0.0,0.0,0.0,0.0,0.0,0.0,0.0,0.0,0,0,0,0,0,0,0.0,vmlinux,cpumask_next,[Unknown],0xffffffffab629e10
error_entry,0.348661,0.0,0.0,0.0,0.0,0.0,0.0,0.0,0.0,0.0,0.0,0.0,0,280008400,0,0,0,0,0.0,vmlinux,error_entry,[Unknown],0xffffffffab801210
free_pages_and_swap_cache,0.348661,-0.0,0.0,0.0,100.0,0.0,100.0,0.0,100.0,0.0,100.0,0.0,140004200,0,0,0,140009800,0,0.0,vmlinux,free_pages_and_swap_cache,[Unknown],0xffffffffaae62ed0
get_max_fast,0.348661,-0.0,0.0,0.0,0.0,0.0,0.0,0.0,0.0,0.0,0.0,0.0,0,0,0,0,0,0,0.0,libc-2.29.so,get_max_fast,malloc.c,0x9670a
mem_cgroup_update_lru_size,0.348661,0.0,0.0,0.0,0.0,0.0,0.0,0.0,0.0,0.0,0.0,0.0,280008400,0,0,0,0,0,0.0,vmlinux,mem_cgroup_update_lru_size,[Unknown],0xffffffffaaea0c90
offset_il_node,0.348661,-0.0,0.0,0.0,0.0,0.0,0.0,0.0,0.0,0.0,0.0,0.0,140004200,560016800,0,0,0,0,0.0,vmlinux,offset_il_node,[Unknown],0xffffffffaae760c0
raise_softirq,0.348661,0.0,0.0,0.0,0.0,0.0,0.0,0.0,0.0,0.0,0.0,0.0,140004200,0,0,0,0,0,0.0,vmlinux,raise_softirq,[Unknown],0xffffffffaac9d2f0
"ripples::Graph<unsigned int, ripples::WeightedDestination<unsigned int, float>, ripples::ForwardDirection<unsigned int>>::Graph<std::basic_ifstream<char, std::char_traits<char>>>",0.348661,100.0,100.0,0.0,0.0,0.0,0.0,0.0,0.0,0.0,0.0,0.0,0,0,0,0,0,0,0.0,imm,"ripples::Graph<unsigned int, ripples::WeightedDestination<unsigned int, float>, ripples::ForwardDirection<unsigned int>>::Graph<std::basic_ifstream<char, std::char_traits<char>>>(std::basic_ifstream<char, std::char_traits<char>>&)",graph.h,0x51900
run_posix_cpu_timers,0.348661,0.0,0.0,0.0,100.0,100.0,0.0,100.0,0.0,0.0,0.0,0.0,0,0,0,0,0,0,0.0,vmlinux,run_posix_cpu_timers,[Unknown],0xffffffffaad2f810
rwsem_down_read_failed,0.348661,,0.0,0.0,0.0,0.0,0.0,0.0,0.0,0.0,0.0,0.0,0,0,0,0,0,0,0.0,vmlinux,rwsem_down_read_failed,[Unknown],0xffffffffab64e5a0
swapgs_restore_regs_and_return_to_usermode,0.348661,0.0,0.0,0.0,0.0,0.0,0.0,0.0,0.0,0.0,0.0,0.0,840025200,280008400,0,0,0,0,7.000000,vmlinux,swapgs_restore_regs_and_return_to_usermode,[Unknown],0xffffffffab800974
tick_sched_timer,0.348661,0.0,0.0,0.0,0.0,100.0,0.0,0.0,0.0,0.0,0.0,0.0,140004200,0,0,0,0,0,0.0,vmlinux,tick_sched_timer,[Unknown],0xffffffffaad34880
tlb_is_not_lazy,0.348661,0.0,0.0,0.0,0.0,0.0,0.0,0.0,0.0,0.0,0.0,0.0,0,0,0,0,0,0,0.0,vmlinux,tlb_is_not_lazy,[Unknown],0xffffffffaac83870
try_to_wake_up,0.348661,0.0,0.0,0.0,0.0,100.0,100.0,0.0,0.0,0.0,0.0,0.0,0,0,0,0,0,0,9.000000,vmlinux,try_to_wake_up,[Unknown],0xffffffffaacc8e70
update_blocked_averages,0.348661,,0.0,0.0,0.0,0.0,0.0,0.0,0.0,0.0,0.0,0.0,140004200,0,0,0,0,0,0.0,vmlinux,update_blocked_averages,[Unknown],0xffffffffaacd25a0
update_nohz_stats,0.348661,0.0,0.0,0.0,100.0,0.0,0.0,0.0,0.0,0.0,0.0,0.0,0,0,0,0,0,0,0.0,vmlinux,update_nohz_stats,[Unknown],0xffffffffaacd2f70
"__gnu_cxx::__ops::_Iter_comp_iter<ripples::CompareHeap<ripples::Graph<unsigned int, ripples::WeightedDestination<unsigned int, float>, ripples::BackwardDirection<unsigned int>>>>::operator()<__gnu_cxx::__normal_iterator<std::pair<unsigned int, unsigned long>*, std::vector<std::pair<unsigned int, unsigned long>, std::allocator<std::pair<unsigned int, unsigned long>>>>, __gnu_cxx::__normal_iterator<std::pair<unsigned int, unsigned long>*, std::vector<std::pair<unsigned int, unsigned long>, std::allocator<std::pair<unsigned int, unsigned long>>>>>",0.261496,0.0,0.0,0.0,0.0,0.0,0.0,0.0,0.0,0.0,0.0,0.0,0,0,0,0,0,0,0.0,imm,"bool __gnu_cxx::__ops::_Iter_comp_iter<ripples::CompareHeap<ripples::Graph<unsigned int, ripples::WeightedDestination<unsigned int, float>, ripples::BackwardDirection<unsigned int>>>>::operator()<__gnu_cxx::__normal_iterator<std::pair<unsigned int, unsigned long>*, std::vector<std::pair<unsigned int, unsigned long>, std::allocator<std::pair<unsigned int, unsigned long>>>>, __gnu_cxx::__normal_iterator<std::pair<unsigned int, unsigned long>*, std::vector<std::pair<unsigned int, unsigned long>, std::allocator<std::pair<unsigned int, unsigned long>>>>>(__gnu_cxx::__normal_iterator<std::pair<unsigned int, unsigned long>*, std::vector<std::pair<unsigned int, unsigned long>, std::allocator<std::pair<unsigned int, unsigned long>>>>, __gnu_cxx::__normal_iterator<std::pair<unsigned int, unsigned long>*, std::vector<std::pair<unsigned int, unsigned long>, std::allocator<std::pair<unsigned int, unsigned long>>>>)",predefined_ops.h,0xe7cf
__gnu_cxx::new_allocator<unsigned int>::allocate,0.261496,0.0,0.0,0.0,0.0,0.0,0.0,0.0,0.0,0.0,0.0,0.0,0,0,0,0,0,0,0.0,imm,"__gnu_cxx::new_allocator<unsigned int>::allocate(unsigned long, void const*)",new_allocator.h,0x45135
__mod_node_page_state,0.261496,-0.0,0.0,0.0,100.0,0.0,0.0,0.0,0.0,0.0,0.0,0.0,840025200,560016800,0,0,0,0,0.0,vmlinux,__mod_node_page_state,[Unknown],0xffffffffaae2dcd0
__mod_zone_page_state,0.261496,0.0,100.0,0.0,0.0,0.0,0.0,0.0,0.0,0.0,0.0,0.0,420012600,700021000,0,0,0,0,0.0,vmlinux,__mod_zone_page_state,[Unknown],0xffffffffaae2dc70
_raw_spin_trylock,0.261496,0.0,0.0,100.0,0.0,0.0,0.0,0.0,0.0,0.0,0.0,0.0,0,0,0,0,0,0,0.0,vmlinux,_raw_spin_trylock,[Unknown],0xffffffffab6501b0
alloc_pages_vma,0.261496,-0.0,0.0,0.0,0.0,0.0,0.0,0.0,0.0,0.0,0.0,0.0,140004200,420012600,0,0,0,0,0.0,vmlinux,alloc_pages_vma,[Unknown],0xffffffffaae775d0
change_protection_range,0.261496,0.0,0.0,0.0,0.0,0.0,0.0,0.0,0.0,0.0,0.0,0.0,140004200,0,0,0,0,0,0.0,vmlinux,change_protection_range,[Unknown],0xffffffffaae54040
flush_tlb_func_common.constprop.9,0.261496,0.0,0.0,0.0,0.0,0.0,0.0,0.0,0.0,0.0,0.0,0.0,0,0,0,0,0,0,0.0,vmlinux,flush_tlb_func_common.constprop.9,[Unknown],0xffffffffaac84100
free_unref_page_prepare.part.74,0.261496,0.0,0.0,0.0,0.0,0.0,0.0,0.0,0.0,0.0,0.0,0.0,840025200,420012600,0,0,0,0,0.0,vmlinux,free_unref_page_prepare.part.74,[Unknown],0xffffffffaae0c930
heap_trim,0.261496,0.0,0.0,0.0,0.0,0.0,0.0,0.0,0.0,0.0,0.0,0.0,0,0,0,0,0,0,0.0,libc-2.29.so,heap_trim,arena.c,0x95748
irq_exit,0.261496,,0.0,0.0,0.0,0.0,0.0,0.0,0.0,0.0,0.0,0.0,420012600,140004200,0,0,0,0,0.0,vmlinux,irq_exit,[Unknown],0xffffffffaac9d190
load_balance,0.261496,-0.0,0.0,0.0,0.0,100.0,0.0,0.0,0.0,0.0,0.0,0.0,0,0,0,0,0,0,0.0,vmlinux,load_balance,[Unknown],0xffffffffaacd9bc0
mem_cgroup_page_lruvec,0.261496,0.0,0.0,0.0,0.0,100.0,0.0,0.0,0.0,0.0,0.0,0.0,0,0,0,0,0,0,0.0,vmlinux,mem_cgroup_page_lruvec,[Unknown],0xffffffffaaea0c40
nohz_balance_exit_idle,0.261496,100.0,100.0,0.0,0.0,0.0,0.0,0.0,0.0,0.0,0.0,0.0,140004200,0,0,0,0,0,0.0,vmlinux,nohz_balance_exit_idle,[Unknown],0xffffffffaacdb400
note_gp_changes,0.261496,,0.0,0.0,100.0,0.0,0.0,100.0,0.0,0.0,0.0,0.0,0,140004200,0,0,0,0,0.0,vmlinux,note_gp_changes,[Unknown],0xffffffffaad134b0
sched_clock_cpu,0.261496,56.3,0.0,0.0,0.0,87.5,87.5,0.0,0.0,0.0,0.0,0.0,140004200,0,0,0,0,0,0.0,vmlinux,sched_clock_cpu,[Unknown],0xffffffffaacccd50
smp_call_function_interrupt,0.261496,0.0,0.0,0.0,0.0,0.0,0.0,0.0,0.0,0.0,0.0,0.0,0,0,0,0,0,0,0.0,vmlinux,smp_call_function_interrupt,[Unknown],0xffffffffab802340
uncharge_page,0.261496,,0.0,0.0,0.0,0.0,0.0,0.0,0.0,0.0,0.0,0.0,140004200,280008400,0,0,0,0,7.000000,vmlinux,uncharge_page,[Unknown],0xffffffffaae9e6c0
update_process_times,0.261496,0.0,0.0,0.0,0.0,0.0,0.0,0.0,0.0,0.0,0.0,0.0,0,0,0,0,0,0,0.0,vmlinux,update_process_times,[Unknown],0xffffffffaad22870
__accumulate_pelt_segments,0.174331,0.0,0.0,0.0,0.0,0.0,0.0,0.0,0.0,0.0,0.0,0.0,140004200,0,0,0,0,0,0.0,vmlinux,__accumulate_pelt_segments,[Unknown],0xffffffffaace77d0
"__gnu_cxx::__normal_iterator<unsigned int*, std::vector<unsigned int, std::allocator<unsigned int>>>::operator+",0.174331,-0.0,0.0,100.0,0.0,0.0,0.0,0.0,0.0,0.0,0.0,0.0,0,0,0,0,0,0,0.0,imm,"__gnu_cxx::__normal_iterator<unsigned int*, std::vector<unsigned int, std::allocator<unsigned int>>>::operator+(long) const",stl_iterator.h,0xf580
__memcg_kmem_charge,0.174331,100.0,0.0,0.0,0.0,0.0,0.0,0.0,0.0,0.0,0.0,0.0,0,0,0,0,0,0,0.0,vmlinux,__memcg_kmem_charge,[Unknown],0xffffffffaaea1730
__note_gp_changes,0.174331,,,0.0,0.0,0.0,0.0,0.0,0.0,0.0,0.0,0.0,0,0,0,0,0,0,0.0,vmlinux,__note_gp_changes,[Unknown],0xffffffffaad13380
__page_set_anon_rmap,0.174331,-0.0,0.0,0.0,0.0,0.0,0.0,0.0,0.0,0.0,0.0,0.0,0,140004200,0,0,0,0,0.0,vmlinux,__page_set_anon_rmap,[Unknown],0xffffffffaae59020
__switch_to,0.174331,0.0,0.0,0.0,0.0,0.0,0.0,0.0,0.0,0.0,0.0,0.0,140004200,0,0,0,0,0,0.0,vmlinux,__switch_to,[Unknown],0xffffffffaac2d820
clockevents_program_event,0.174331,-0.0,0.0,0.0,0.0,0.0,0.0,0.0,0.0,0.0,0.0,0.0,420012600,0,0,0,0,0,0.0,vmlinux,clockevents_program_event,[Unknown],0xffffffffaad31fc0
cpu_load_update,0.174331,0.0,0.0,0.0,0.0,0.0,0.0,0.0,0.0,0.0,0.0,0.0,140004200,700021000,0,0,0,0,0.0,vmlinux,cpu_load_update,[Unknown],0xffffffffaaccefc0
cpu_load_update_active,0.174331,0.0,0.0,0.0,0.0,0.0,0.0,0.0,0.0,0.0,0.0,0.0,140004200,0,0,0,0,0,0.0,vmlinux,cpu_load_update_active,[Unknown],0xffffffffaacd8bd0
do_huge_pmd_anonymous_page,0.174331,0.0,0.0,0.0,0.0,0.0,0.0,0.0,0.0,0.0,0.0,0.0,0,140004200,0,0,0,0,7.000000,vmlinux,do_huge_pmd_anonymous_page,[Unknown],0xffffffffaae90440
enqueue_task_fair,0.174331,-0.0,0.0,0.0,0.0,0.0,0.0,0.0,0.0,0.0,0.0,0.0,0,0,0,0,0,0,0.0,vmlinux,enqueue_task_fair,[Unknown],0xffffffffaacd55c0
entry_SYSCALL_64,0.174331,0.0,0.0,0.0,0.0,0.0,0.0,0.0,0.0,0.0,0.0,0.0,0,0,0,0,0,0,0.0,vmlinux,entry_SYSCALL_64,[Unknown],0xffffffffab800010
find_next_bit,0.174331,,0.0,0.0,0.0,0.0,0.0,0.0,0.0,0.0,0.0,0.0,140004200,0,0,0,0,0,0.0,vmlinux,find_next_bit,[Unknown],0xffffffffab0ec360
flush_smp_call_function_queue,0.174331,100.0,100.0,0.0,0.0,0.0,0.0,0.0,0.0,0.0,0.0,0.0,0,140004200,0,0,0,0,0.0,vmlinux,flush_smp_call_function_queue,[Unknown],0xffffffffaad39e00
format_decode,0.174331,-0.0,0.0,0.0,0.0,0.0,0.0,0.0,0.0,0.0,0.0,0.0,0,0,0,0,0,0,0.0,vmlinux,format_decode,[Unknown],0xffffffffab635950
free_perturb,0.174331,0.0,0.0,100.0,0.0,0.0,0.0,100.0,0.0,0.0,0.0,0.0,0,0,0,0,0,0,0.0,libc-2.29.so,free_perturb,malloc.c,0x95291
irq_work_run_list,0.174331,,0.0,0.0,100.0,0.0,0.0,0.0,0.0,0.0,0.0,0.0,140004200,0,0,0,0,0,0.0,vmlinux,irq_work_run_list,[Unknown],0xffffffffaadc1a60
kmem_cache_free,0.174331,0.0,0.0,0.0,0.0,0.0,0.0,0.0,0.0,0.0,0.0,0.0,140004200,0,0,0,0,0,0.0,vmlinux,kmem_cache_free,[Unknown],0xffffffffaae83cc0
lapic_next_deadline,0.174331,-0.0,0.0,0.0,0.0,0.0,0.0,0.0,0.0,0.0,0.0,0.0,0,0,0,0,0,0,0.0,vmlinux,lapic_next_deadline,[Unknown],0xffffffffaac62aa0
mem_cgroup_commit_charge,0.174331,-0.0,0.0,0.0,0.0,0.0,0.0,0.0,0.0,0.0,0.0,0.0,280008400,140004200,0,0,0,0,7.000000,vmlinux,mem_cgroup_commit_charge,[Unknown],0xffffffffaaea2b30
mem_cgroup_from_task,0.174331,0.0,0.0,0.0,0.0,0.0,0.0,0.0,0.0,0.0,0.0,0.0,140004200,0,0,0,0,0,0.0,vmlinux,mem_cgroup_from_task,[Unknown],0xffffffffaae9a020
native_apic_mem_write,0.174331,0.0,0.0,0.0,0.0,0.0,0.0,0.0,0.0,0.0,0.0,0.0,280008400,0,0,0,0,0,0.0,vmlinux,native_apic_mem_write,[Unknown],0xffffffffaac69950
pci_conf1_read,0.174331,0.0,0.0,0.0,0.0,0.0,0.0,0.0,0.0,0.0,0.0,0.0,0,0,0,0,0,0,0.0,vmlinux,pci_conf1_read,[Unknown],0xffffffffab49ae40
pmd_pfn,0.174331,0.0,0.0,0.0,0.0,0.0,0.0,0.0,0.0,0.0,0.0,0.0,0,0,0,0,0,0,7.000000,vmlinux,pmd_pfn,[Unknown],0xffffffffaae434e0
prepend_path.isra.3,0.174331,0.0,0.0,0.0,0.0,0.0,0.0,100.0,0.0,0.0,0.0,0.0,0,0,0,0,0,0,0.0,vmlinux,prepend_path.isra.3,[Unknown],0xffffffffaaeefe90
probe_sched_wakeup,0.174331,0.0,0.0,0.0,0.0,0.0,0.0,0.0,0.0,0.0,0.0,0.0,0,0,0,0,0,0,0.0,vmlinux,probe_sched_wakeup,[Unknown],0xffffffffaad9ab30
rb_insert_color,0.174331,0.0,0.0,0.0,0.0,0.0,0.0,0.0,0.0,0.0,0.0,0.0,0,0,0,0,0,0,0.0,vmlinux,rb_insert_color,[Unknown],0xffffffffab6306d0
rebalance_domains,0.174331,-0.0,0.0,0.0,100.0,0.0,0.0,0.0,0.0,0.0,0.0,0.0,0,0,0,0,0,0,0.0,vmlinux,rebalance_domains,[Unknown],0xffffffffaacda6c0
rwsem_down_write_failed_killable,0.174331,-0.0,0.0,0.0,0.0,0.0,0.0,0.0,0.0,0.0,0.0,0.0,0,0,0,0,0,0,0.0,vmlinux,rwsem_down_write_failed_killable,[Unknown],0xffffffffab64e710
"std::for_each<ripples::WeightedDestination<unsigned int, float>*, ripples::Graph<unsigned int, ripples::WeightedDestination<unsigned int, float>, ripples::ForwardDirection<unsigned int>>::get_transpose(void) const::{lambda(ripples::WeightedDestination<unsigned int, float> const&)#1}>",0.174331,100.0,100.0,0.0,0.0,100.0,0.0,0.0,0.0,0.0,0.0,0.0,0,0,0,0,0,0,0.0,imm,"ripples::Graph<unsigned int, ripples::WeightedDestination<unsigned int, float>, ripples::ForwardDirection<unsigned int>>::get_transpose(void) const::{lambda(ripples::WeightedDestination<unsigned int, float> const&)#1} std::for_each<ripples::WeightedDestination<unsigned int, float>*, ripples::Graph<unsigned int, ripples::WeightedDestination<unsigned int, float>, ripples::ForwardDirection<unsigned int>>::get_transpose(void) const::{lambda(ripples::WeightedDestination<unsigned int, float> const&)#1}>(ripples::WeightedDestination<unsigned int, float>*, ripples::WeightedDestination<unsigned int, float>*, ripples::Graph<unsigned int, ripples::WeightedDestination<unsigned int, float>, ripples::ForwardDirection<unsigned int>>::get_transpose(void) const::{lambda(ripples::WeightedDestination<unsigned int, float> const&)#1})",stl_algo.h,0x41e95
tick_sched_handle,0.174331,-0.0,0.0,0.0,0.0,0.0,0.0,0.0,0.0,0.0,0.0,0.0,0,140004200,0,0,0,0,7.000000,vmlinux,tick_sched_handle,[Unknown],0xffffffffaad34600
timerqueue_del,0.174331,0.0,0.0,0.0,0.0,0.0,0.0,0.0,0.0,0.0,0.0,0.0,0,140004200,0,0,0,0,0.0,vmlinux,timerqueue_del,[Unknown],0xffffffffab635040
vma_set_page_prot,0.174331,0.0,0.0,0.0,0.0,0.0,0.0,0.0,0.0,0.0,0.0,0.0,0,0,0,0,0,0,0.0,vmlinux,vma_set_page_prot,[Unknown],0xffffffffaae502d0
vmacache_find,0.174331,0.0,0.0,0.0,0.0,0.0,0.0,0.0,0.0,0.0,0.0,0.0,420012600,140004200,0,0,0,0,7.000000,vmlinux,vmacache_find,[Unknown],0xffffffffaae3d720
__cleanup_sighand,0.087165,0.0,0.0,0.0,0.0,0.0,0.0,0.0,0.0,0.0,0.0,0.0,0,0,0,0,0,0,0.0,vmlinux,__cleanup_sighand,[Unknown],0xffffffffaac936f0
__d_lookup,0.087165,0.0,0.0,0.0,0.0,0.0,0.0,0.0,0.0,0.0,0.0,0.0,0,0,0,0,0,0,0.0,vmlinux,__d_lookup,[Unknown],0xffffffffaaed3ef0
__dec_node_page_state,0.087165,-0.0,0.0,0.0,0.0,0.0,0.0,0.0,0.0,0.0,0.0,0.0,0,0,0,0,0,0,7.000000,vmlinux,__dec_node_page_state,[Unknown],0xffffffffaae2fb70
__do_munmap,0.087165,0.0,0.0,0.0,0.0,0.0,0.0,0.0,0.0,0.0,0.0,0.0,0,0,0,0,0,0,0.0,vmlinux,__do_munmap,[Unknown],0xffffffffaae508b0
__get_vma_policy,0.087165,,0.0,0.0,0.0,0.0,0.0,0.0,0.0,0.0,0.0,0.0,700021000,0,0,0,0,0,0.0,vmlinux,__get_vma_policy,[Unknown],0xffffffffaae77150
"__gnu_cxx::__normal_iterator<std::pair<unsigned int, unsigned long>*, std::vector<std::pair<unsigned int, unsigned long>, std::allocator<std::pair<unsigned int, unsigned long>>>>::operator+",0.087165,0.0,0.0,0.0,0.0,0.0,0.0,0.0,0.0,0.0,0.0,0.0,0,0,0,0,0,0,0.0,imm,"__gnu_cxx::__normal_iterator<std::pair<unsigned int, unsigned long>*, std::vector<std::pair<unsigned int, unsigned long>, std::allocator<std::pair<unsigned int, unsigned long>>>>::operator+(long) const",stl_iterator.h,0xe7d7
__hrtimer_get_next_event,0.087165,0.0,0.0,0.0,0.0,0.0,0.0,0.0,0.0,0.0,0.0,0.0,280008400,280008400,0,0,0,0,0.0,vmlinux,__hrtimer_get_next_event,[Unknown],0xffffffffaad22e70
__hrtimer_next_event_base,0.087165,-0.0,0.0,0.0,0.0,0.0,0.0,0.0,0.0,0.0,0.0,0.0,140004200,560016800,0,0,0,0,0.0,vmlinux,__hrtimer_next_event_base,[Unknown],0xffffffffaad22d90
__mem_cgroup_threshold,0.087165,0.0,0.0,0.0,0.0,0.0,0.0,0.0,0.0,0.0,0.0,0.0,140004200,0,0,0,0,0,0.0,vmlinux,__mem_cgroup_threshold,[Unknown],0xffffffffaae9dcf0
__memcg_kmem_uncharge,0.087165,0.0,0.0,0.0,0.0,0.0,0.0,0.0,0.0,0.0,0.0,0.0,0,0,0,0,0,0,0.0,vmlinux,__memcg_kmem_uncharge,[Unknown],0xffffffffaaea18a0
__percpu_up_read,0.087165,0.0,0.0,0.0,0.0,0.0,0.0,0.0,0.0,0.0,0.0,0.0,0,0,0,0,0,0,0.0,vmlinux,__percpu_up_read,[Unknown],0xffffffffaacf0b80
__radix_tree_lookup,0.087165,0.0,0.0,0.0,0.0,0.0,0.0,0.0,0.0,0.0,0.0,0.0,0,0,0,0,0,0,0.0,vmlinux,__radix_tree_lookup,[Unknown],0xffffffffab62ffc0
__rb_erase_color,0.087165,0.0,0.0,0.0,0.0,0.0,0.0,0.0,0.0,0.0,0.0,0.0,0,0,0,0,0,0,0.0,vmlinux,__rb_erase_color,[Unknown],0xffffffffab631050
__split_huge_pmd,0.087165,0.0,0.0,0.0,0.0,0.0,0.0,0.0,0.0,0.0,0.0,0.0,0,0,0,0,0,0,0.0,vmlinux,__split_huge_pmd,[Unknown],0xffffffffaae92c50
__split_vma,0.087165,0.0,0.0,0.0,0.0,0.0,0.0,0.0,0.0,0.0,0.0,0.0,0,0,0,0,0,0,0.0,vmlinux,__split_vma,[Unknown],0xffffffffaae506e0
__switch_to_asm,0.087165,0.0,0.0,0.0,0.0,0.0,0.0,0.0,0.0,0.0,0.0,0.0,0,0,0,0,0,0,0.0,vmlinux,__switch_to_asm,[Unknown],0xffffffffab800170
__vma_adjust,0.087165,0.0,0.0,0.0,0.0,0.0,0.0,0.0,0.0,0.0,0.0,0.0,0,0,0,0,0,0,0.0,vmlinux,__vma_adjust,[Unknown],0xffffffffaae4f2d0
__vmalloc_node_range,0.087165,0.0,0.0,0.0,0.0,0.0,0.0,0.0,0.0,0.0,0.0,0.0,0,0,0,0,0,0,0.0,vmlinux,__vmalloc_node_range,[Unknown],0xffffffffaae5e5e0
__x64_sys_brk,0.087165,0.0,0.0,0.0,0.0,0.0,0.0,0.0,0.0,0.0,0.0,0.0,140004200,0,0,0,0,0,0.0,vmlinux,__x64_sys_brk,[Unknown],0xffffffffaae51f70
__x64_sys_mprotect,0.087165,0.0,0.0,0.0,0.0,0.0,0.0,0.0,0.0,0.0,0.0,0.0,0,0,0,0,0,0,0.0,vmlinux,__x64_sys_mprotect,[Unknown],0xffffffffaae55470
__x86_indirect_thunk_rax,0.087165,,0.0,0.0,0.0,0.0,0.0,0.0,0.0,0.0,0.0,0.0,0,0,0,0,0,0,0.0,vmlinux,__x86_indirect_thunk_rax,[Unknown],0xffffffffaba00ca0
__x86_indirect_thunk_rdx,0.087165,0.0,0.0,0.0,0.0,0.0,0.0,0.0,0.0,0.0,0.0,0.0,0,0,0,0,0,0,0.0,vmlinux,__x86_indirect_thunk_rdx,[Unknown],0xffffffffaba00d00
__zone_watermark_ok,0.087165,0.0,0.0,0.0,0.0,0.0,0.0,100.0,0.0,0.0,0.0,0.0,0,0,0,0,0,0,0.0,vmlinux,__zone_watermark_ok,[Unknown],0xffffffffaae0f1f0
account_entity_enqueue,0.087165,-0.0,0.0,0.0,0.0,0.0,0.0,0.0,0.0,0.0,0.0,0.0,0,0,0,0,0,0,0.0,vmlinux,account_entity_enqueue,[Unknown],0xffffffffaacd2430
advise_stack_range,0.087165,0.0,0.0,0.0,0.0,0.0,0.0,0.0,0.0,0.0,0.0,0.0,0,0,0,0,0,0,0.0,libpthread-2.29.so,advise_stack_range,allocatestack.c,0x91da
alloc_pages_current,0.087165,0.0,0.0,0.0,0.0,0.0,0.0,0.0,0.0,0.0,0.0,0.0,0,0,0,0,0,0,0.0,vmlinux,alloc_pages_current,[Unknown],0xffffffffaae742e0
anon_vma_interval_tree_remove,0.087165,0.0,0.0,0.0,0.0,0.0,0.0,0.0,0.0,0.0,0.0,0.0,0,0,0,0,0,0,0.0,vmlinux,anon_vma_interval_tree_remove,[Unknown],0xffffffffaae3de80
arena_get_retry,0.087165,0.0,0.0,0.0,0.0,0.0,0.0,0.0,0.0,0.0,0.0,0.0,0,0,0,0,0,0,0.0,libc-2.29.so,arena_get_retry,arena.c,0x94ce0
attach_entity_cfs_rq,0.087165,0.0,0.0,0.0,0.0,0.0,0.0,0.0,0.0,0.0,0.0,0.0,0,0,0,0,0,0,0.0,vmlinux,attach_entity_cfs_rq,[Unknown],0xffffffffaacd4da0
attach_entity_load_avg,0.087165,0.0,0.0,0.0,0.0,0.0,0.0,0.0,0.0,0.0,0.0,0.0,0,0,0,0,0,0,0.0,vmlinux,attach_entity_load_avg,[Unknown],0xffffffffaacd0800
available_idle_cpu,0.087165,0.0,0.0,0.0,0.0,0.0,0.0,0.0,0.0,0.0,0.0,0.0,0,0,0,0,0,0,0.0,vmlinux,available_idle_cpu,[Unknown],0xffffffffaaccac90
cap_mmap_file,0.087165,0.0,0.0,0.0,0.0,0.0,0.0,0.0,0.0,0.0,0.0,0.0,0,0,0,0,0,0,0.0,vmlinux,cap_mmap_file,[Unknown],0xffffffffab01ae80
cgroup_exit,0.087165,0.0,0.0,0.0,0.0,0.0,0.0,0.0,0.0,0.0,0.0,0.0,0,0,0,0,0,0,0.0,vmlinux,cgroup_exit,[Unknown],0xffffffffaad50f60
copy_user_enhanced_fast_string,0.087165,100.0,100.0,0.0,0.0,0.0,0.0,0.0,0.0,0.0,0.0,0.0,0,0,0,0,0,0,0.0,vmlinux,copy_user_enhanced_fast_string,[Unknown],0xffffffffab63c560
deferred_split_huge_page,0.087165,0.0,0.0,0.0,0.0,0.0,0.0,0.0,0.0,0.0,0.0,0.0,0,0,0,0,0,0,0.0,vmlinux,deferred_split_huge_page,[Unknown],0xffffffffaae95000
do_exit,0.087165,0.0,0.0,0.0,0.0,0.0,0.0,0.0,0.0,0.0,0.0,0.0,0,0,0,0,0,0,0.0,vmlinux,do_exit,[Unknown],0xffffffffaac9b2d0
do_mmap,0.087165,0.0,0.0,0.0,0.0,0.0,0.0,0.0,0.0,0.0,0.0,0.0,0,0,0,0,0,0,0.0,vmlinux,do_mmap,[Unknown],0xffffffffaae52820
do_timer,0.087165,0.0,0.0,0.0,0.0,0.0,0.0,0.0,0.0,0.0,0.0,0.0,0,0,0,0,0,0,0.0,vmlinux,do_timer,[Unknown],0xffffffffaad26bc0
down_read,0.087165,0.0,0.0,0.0,0.0,0.0,0.0,0.0,0.0,0.0,0.0,0.0,0,0,0,0,0,0,0.0,vmlinux,down_read,[Unknown],0xffffffffab64d840
down_write,0.087165,0.0,0.0,0.0,0.0,0.0,0.0,0.0,0.0,0.0,0.0,0.0,0,0,0,0,0,0,0.0,vmlinux,down_write,[Unknown],0xffffffffab64d880
enqueue_entity,0.087165,0.0,0.0,0.0,0.0,0.0,0.0,0.0,0.0,0.0,0.0,0.0,0,0,0,0,0,0,0.0,vmlinux,enqueue_entity,[Unknown],0xffffffffaacd4010
find_next_and_bit,0.087165,0.0,,,0.0,,0.0,0.0,0.0,0.0,0.0,0.0,0,0,0,0,0,0,7.000000,vmlinux,find_next_and_bit,[Unknown],0xffffffffab0ec1e0
flush_ptrace_hw_breakpoint,0.087165,0.0,0.0,0.0,0.0,0.0,0.0,0.0,0.0,0.0,0.0,0.0,0,0,0,0,0,0,0.0,vmlinux,flush_ptrace_hw_breakpoint,[Unknown],0xffffffffaac38bd0
flush_tlb_batched_pending,0.087165,0.0,0.0,0.0,0.0,0.0,0.0,0.0,0.0,0.0,0.0,0.0,0,0,0,0,0,0,0.0,vmlinux,flush_tlb_batched_pending,[Unknown],0xffffffffaae59770
flush_tlb_mm_range,0.087165,0.0,0.0,0.0,0.0,0.0,0.0,0.0,0.0,0.0,0.0,0.0,0,0,0,0,0,0,0.0,vmlinux,flush_tlb_mm_range,[Unknown],0xffffffffaac84600
free_pcp_prepare,0.087165,0.0,0.0,0.0,0.0,0.0,0.0,0.0,0.0,0.0,0.0,0.0,140004200,0,0,0,0,0,0.0,vmlinux,free_pcp_prepare,[Unknown],0xffffffffaae0cd10
free_stacks,0.087165,0.0,0.0,0.0,0.0,0.0,0.0,0.0,0.0,0.0,0.0,0.0,0,0,0,0,0,0,0.0,libpthread-2.29.so,free_stacks,allocatestack.c,0x75b0
free_unref_page_commit,0.087165,-0.0,0.0,0.0,0.0,0.0,0.0,0.0,0.0,0.0,0.0,0.0,420012600,280008400,0,0,0,0,0.0,vmlinux,free_unref_page_commit,[Unknown],0xffffffffaae0ded0
futex_wait_setup,0.087165,0.0,0.0,0.0,0.0,0.0,0.0,0.0,0.0,0.0,0.0,0.0,0,0,0,0,0,0,0.0,vmlinux,futex_wait_setup,[Unknown],0xffffffffaad36770
generic_smp_call_function_single_interrupt,0.087165,0.0,0.0,0.0,0.0,0.0,0.0,0.0,0.0,0.0,0.0,0.0,0,0,0,0,0,0,0.0,vmlinux,generic_smp_call_function_single_interrupt,[Unknown],0xffffffffaad3a940
kmalloc_slab,0.087165,0.0,0.0,0.0,0.0,0.0,0.0,0.0,0.0,0.0,0.0,0.0,0,0,0,0,0,0,0.0,vmlinux,kmalloc_slab,[Unknown],0xffffffffaae37d00
mark_wake_futex,0.087165,0.0,0.0,0.0,0.0,0.0,0.0,0.0,0.0,0.0,0.0,0.0,0,0,0,0,0,0,0.0,vmlinux,mark_wake_futex,[Unknown],0xffffffffaad35990
mem_cgroup_uncharge_list,0.087165,,0.0,0.0,0.0,0.0,0.0,0.0,0.0,0.0,0.0,0.0,0,0,0,0,0,0,0.0,vmlinux,mem_cgroup_uncharge_list,[Unknown],0xffffffffaaea2210
memcg_check_events,0.087165,0.0,0.0,0.0,0.0,0.0,0.0,0.0,0.0,0.0,0.0,0.0,420012600,0,0,0,0,0,0.0,vmlinux,memcg_check_events,[Unknown],0xffffffffaae9de40
memset,0.087165,0.0,0.0,0.0,0.0,0.0,0.0,0.0,0.0,0.0,0.0,0.0,0,0,0,0,0,0,0.0,ld-2.29.so,memset,memset-vec-unaligned-erms.S,0x21030
mmap_region,0.087165,0.0,0.0,0.0,0.0,0.0,0.0,0.0,0.0,0.0,0.0,0.0,0,0,0,0,0,0,0.0,vmlinux,mmap_region,[Unknown],0xffffffffaae521e0
mprotect_fixup,0.087165,0.0,0.0,,,,0.0,0.0,0.0,0.0,0.0,0.0,0,0,0,0,0,0,0.0,vmlinux,mprotect_fixup,[Unknown],0xffffffffaae54e30
mpx_unmapped_area_check,0.087165,0.0,0.0,0.0,0.0,0.0,0.0,0.0,0.0,0.0,0.0,0.0,0,0,0,0,0,0,0.0,vmlinux,mpx_unmapped_area_check,[Unknown],0xffffffffaac89af0
native_flush_tlb,0.087165,0.0,0.0,0.0,0.0,0.0,0.0,0.0,0.0,0.0,0.0,0.0,0,0,0,0,0,0,0.0,vmlinux,native_flush_tlb,[Unknown],0xffffffffaac74070
native_smp_send_reschedule,0.087165,,0.0,0.0,0.0,0.0,0.0,0.0,0.0,0.0,0.0,0.0,0,0,0,0,0,0,0.0,vmlinux,native_smp_send_reschedule,[Unknown],0xffffffffaac5f950
notifier_call_chain,0.087165,0.0,0.0,0.0,0.0,0.0,0.0,0.0,0.0,0.0,0.0,0.0,0,0,0,0,0,0,0.0,vmlinux,notifier_call_chain,[Unknown],0xffffffffaacbdd80
operator delete,0.087165,0.0,0.0,0.0,0.0,0.0,0.0,0.0,0.0,0.0,0.0,0.0,0,0,0,0,0,0,0.0,libstdc++.so.6.0.26,"operator delete(void*, std::nothrow_t const&)",[Unknown],0xa3d80
osq_lock,0.087165,0.0,0.0,0.0,0.0,0.0,0.0,0.0,0.0,0.0,0.0,0.0,0,0,0,0,0,0,0.0,vmlinux,osq_lock,[Unknown],0xffffffffaacf0db0
page_add_new_anon_rmap,0.087165,0.0,0.0,0.0,0.0,0.0,0.0,0.0,0.0,0.0,0.0,0.0,420012600,0,0,0,0,0,0.0,vmlinux,page_add_new_anon_rmap,[Unknown],0xffffffffaae59ae0
page_evictable,0.087165,0.0,0.0,0.0,0.0,0.0,0.0,0.0,0.0,0.0,0.0,0.0,0,0,0,0,0,0,0.0,vmlinux,page_evictable,[Unknown],0xffffffffaae21710
page_poisoning_enabled,0.087165,,0.0,0.0,0.0,0.0,0.0,0.0,0.0,0.0,0.0,0.0,0,140004200,0,0,0,0,7.000000,vmlinux,page_poisoning_enabled,[Unknown],0xffffffffaae7e330
pagevec_lru_move_fn,0.087165,0.0,0.0,0.0,0.0,0.0,0.0,0.0,0.0,0.0,0.0,0.0,0,140004200,0,0,0,0,0.0,vmlinux,pagevec_lru_move_fn,[Unknown],0xffffffffaae1aa40
pgtable_trans_huge_deposit,0.087165,0.0,0.0,0.0,0.0,0.0,0.0,0.0,0.0,0.0,0.0,0.0,0,0,0,0,0,0,0.0,vmlinux,pgtable_trans_huge_deposit,[Unknown],0xffffffffaae58af0
pick_next_task_fair,0.087165,-0.0,0.0,0.0,0.0,0.0,0.0,0.0,0.0,0.0,0.0,0.0,0,140004200,0,0,0,0,0.0,vmlinux,pick_next_task_fair,[Unknown],0xffffffffaacdac90
pick_next_task_idle,0.087165,0.0,0.0,0.0,0.0,0.0,0.0,0.0,0.0,0.0,0.0,0.0,0,0,0,0,0,0,0.0,vmlinux,pick_next_task_idle,[Unknown],0xffffffffaaccd7e0
pids_cancel.constprop.7,0.087165,0.0,0.0,0.0,0.0,0.0,0.0,0.0,0.0,0.0,0.0,0.0,0,0,0,0,0,0,0.0,vmlinux,pids_cancel.constprop.7,[Unknown],0xffffffffaad54740
pmd_devmap_trans_unstable,0.087165,0.0,0.0,0.0,0.0,0.0,0.0,0.0,0.0,0.0,0.0,0.0,0,0,0,0,0,0,0.0,vmlinux,pmd_devmap_trans_unstable,[Unknown],0xffffffffaae43850
prandom_u32_state,0.087165,0.0,0.0,0.0,0.0,0.0,0.0,0.0,0.0,0.0,0.0,0.0,0,0,0,0,0,0,0.0,vmlinux,prandom_u32_state,[Unknown],0xffffffffab0e3ef0
put_prev_task_fair,0.087165,0.0,0.0,0.0,0.0,0.0,0.0,0.0,0.0,0.0,0.0,0.0,0,0,0,0,0,0,0.0,vmlinux,put_prev_task_fair,[Unknown],0xffffffffaacd3fd0
rcu_irq_exit,0.087165,0.0,0.0,0.0,0.0,0.0,0.0,0.0,0.0,0.0,0.0,0.0,0,0,0,0,0,0,0.0,vmlinux,rcu_irq_exit,[Unknown],0xffffffffaad147b0
release_task.part.20,0.087165,0.0,0.0,0.0,0.0,0.0,0.0,0.0,0.0,0.0,0.0,0.0,0,0,0,0,0,0,0.0,vmlinux,release_task.part.20,[Unknown],0xffffffffaac99b10
resched_curr,0.087165,0.0,0.0,0.0,0.0,0.0,0.0,0.0,0.0,0.0,0.0,0.0,0,0,0,0,0,0,0.0,vmlinux,resched_curr,[Unknown],0xffffffffaacc7670
reweight_entity,0.087165,0.0,0.0,100.0,0.0,0.0,0.0,100.0,0.0,0.0,0.0,0.0,420012600,420012600,0,0,0,0,0.0,vmlinux,reweight_entity,[Unknown],0xffffffffaacd31d0
"ripples::Graph<unsigned int, ripples::WeightedDestination<unsigned int, float>, ripples::ForwardDirection<unsigned int>>::load_binary<std::basic_ifstream<char, std::char_traits<char>>>._omp_fn.3",0.087165,0.0,0.0,0.0,0.0,0.0,0.0,0.0,0.0,0.0,0.0,0.0,0,0,0,0,0,0,0.0,imm,"ripples::Graph<unsigned int, ripples::WeightedDestination<unsigned int, float>, ripples::ForwardDirection<unsigned int>>::load_binary<std::basic_ifstream<char, std::char_traits<char>>>._omp_fn.3",graph.h,0x155e0
"ripples::InitHeapStorage<__gnu_cxx::__normal_iterator<unsigned int*, std::vector<unsigned int, std::allocator<unsigned int>>>, __gnu_cxx::__normal_iterator<std::pair<unsigned int, unsigned long>*, std::vector<std::pair<unsigned int, unsigned long>, std::allocator<std::pair<unsigned int, unsigned long>>>>>._omp_fn.14",0.087165,,0.0,0.0,0.0,0.0,0.0,0.0,0.0,0.0,0.0,0.0,0,0,0,0,0,0,0.0,imm,"ripples::InitHeapStorage<__gnu_cxx::__normal_iterator<unsigned int*, std::vector<unsigned int, std::allocator<unsigned int>>>, __gnu_cxx::__normal_iterator<std::pair<unsigned int, unsigned long>*, std::vector<std::pair<unsigned int, unsigned long>, std::allocator<std::pair<unsigned int, unsigned long>>>>>._omp_fn.14",counting.h,0xd4e0
rwsem_downgrade_wake,0.087165,0.0,0.0,0.0,0.0,0.0,0.0,0.0,0.0,0.0,0.0,0.0,0,0,0,0,0,0,0.0,vmlinux,rwsem_downgrade_wake,[Unknown],0xffffffffaacf2820
security_mmap_file,0.087165,0.0,0.0,0.0,0.0,0.0,0.0,0.0,0.0,0.0,0.0,0.0,0,0,0,0,0,0,0.0,vmlinux,security_mmap_file,[Unknown],0xffffffffab01f290
security_vm_enough_memory_mm,0.087165,0.0,0.0,0.0,0.0,0.0,0.0,0.0,0.0,0.0,0.0,0.0,0,0,0,0,0,0,0.0,vmlinux,security_vm_enough_memory_mm,[Unknown],0xffffffffab01e030
should_fail_alloc_page,0.087165,,0.0,0.0,0.0,0.0,0.0,0.0,0.0,0.0,0.0,0.0,0,0,0,0,0,0,0.0,vmlinux,should_fail_alloc_page,[Unknown],0xffffffffaae0bfb0
start_thread,0.087165,0.0,0.0,0.0,0.0,0.0,0.0,0.0,0.0,0.0,0.0,0.0,0,0,0,0,0,0,0.0,libpthread-2.29.so,start_thread,pthread_create.c,0x90a0
"std::_Rb_tree<unsigned int, std::pair<unsigned int const, unsigned int>, std::_Select1st<std::pair<unsigned int const, unsigned int>>, std::less<unsigned int>, std::allocator<std::pair<unsigned int const, unsigned int>>>::_M_erase",0.087165,0.0,0.0,0.0,0.0,0.0,0.0,0.0,0.0,0.0,0.0,0.0,0,0,0,0,0,0,7.000000,imm,"std::_Rb_tree<unsigned int, std::pair<unsigned int const, unsigned int>, std::_Select1st<std::pair<unsigned int const, unsigned int>>, std::less<unsigned int>, std::allocator<std::pair<unsigned int const, unsigned int>>>::_M_erase(std::_Rb_tree_node<std::pair<unsigned int const, unsigned int>>*)",stl_tree.h,0x35f60
"std::__copy_move<(bool)1, (bool)1, std::random_access_iterator_tag>::__copy_m<unsigned int>",0.087165,,0.0,0.0,0.0,0.0,0.0,0.0,0.0,0.0,0.0,0.0,0,0,0,0,0,0,0.0,imm,"unsigned int* std::__copy_move<(bool)1, (bool)1, std::random_access_iterator_tag>::__copy_m<unsigned int>(unsigned int const*, unsigned int const*, unsigned int*)",stl_algobase.h,0x302bd
"std::__merge_sort_with_buffer<__gnu_cxx::__normal_iterator<unsigned int*, std::vector<unsigned int, std::allocator<unsigned int>>>, unsigned int*, __gnu_cxx::__ops::_Iter_less_iter>",0.087165,-0.0,0.0,0.0,0.0,0.0,0.0,0.0,0.0,0.0,0.0,0.0,0,0,0,0,0,0,0.0,imm,"void std::__merge_sort_with_buffer<__gnu_cxx::__normal_iterator<unsigned int*, std::vector<unsigned int, std::allocator<unsigned int>>>, unsigned int*, __gnu_cxx::__ops::_Iter_less_iter>(__gnu_cxx::__normal_iterator<unsigned int*, std::vector<unsigned int, std::allocator<unsigned int>>>, __gnu_cxx::__normal_iterator<unsigned int*, std::vector<unsigned int, std::allocator<unsigned int>>>, unsigned int*, __gnu_cxx::__ops::_Iter_less_iter)",stl_algo.h,0xf300
"std::map<unsigned int, unsigned int, std::less<unsigned int>, std::allocator<std::pair<unsigned int const, unsigned int>>>::operator[]",0.087165,0.0,0.0,0.0,0.0,0.0,0.0,0.0,0.0,0.0,0.0,0.0,0,0,0,0,0,0,0.0,imm,"std::map<unsigned int, unsigned int, std::less<unsigned int>, std::allocator<std::pair<unsigned int const, unsigned int>>>::operator[](unsigned int const&)",stl_map.h,0x519da
"std::pair<unsigned int, unsigned long>::operator=",0.087165,0.0,0.0,0.0,0.0,0.0,0.0,0.0,0.0,0.0,0.0,0.0,0,0,0,0,0,0,0.0,imm,"std::pair<unsigned int, unsigned long>::operator=(std::pair<unsigned int, unsigned long>&&)",stl_pair.h,0xe7a0
sync_mm_rss,0.087165,0.0,0.0,0.0,0.0,0.0,0.0,0.0,0.0,0.0,0.0,0.0,0,0,0,0,0,0,0.0,vmlinux,sync_mm_rss,[Unknown],0xffffffffaae448c0
tick_do_update_jiffies64.part.16,0.087165,0.0,0.0,0.0,0.0,0.0,0.0,0.0,0.0,0.0,0.0,0.0,0,0,0,0,0,0,0.0,vmlinux,tick_do_update_jiffies64.part.16,[Unknown],0xffffffffaad34750
timekeeping_advance,0.087165,0.0,0.0,0.0,0.0,0.0,0.0,0.0,0.0,0.0,0.0,0.0,140004200,0,0,0,0,0,0.0,vmlinux,timekeeping_advance,[Unknown],0xffffffffaad25fd0
tlb_gather_mmu,0.087165,0.0,0.0,0.0,0.0,0.0,0.0,0.0,0.0,0.0,0.0,0.0,0,0,0,0,0,0,0.0,vmlinux,tlb_gather_mmu,[Unknown],0xffffffffaae53db0
trng::uniform_int_dist::operator()<trng::lcg64>,0.087165,0.0,0.0,0.0,0.0,0.0,0.0,0.0,0.0,0.0,0.0,0.0,0,0,0,0,0,0,0.0,imm,int trng::uniform_int_dist::operator()<trng::lcg64>(trng::lcg64&),uniform_int_dist.hpp,0x538e8
ttwu_do_wakeup,0.087165,0.0,0.0,0.0,0.0,0.0,0.0,0.0,0.0,0.0,0.0,0.0,0,0,0,0,0,0,0.0,vmlinux,ttwu_do_wakeup,[Unknown],0xffffffffaacc80d0
uncharge_batch,0.087165,0.0,0.0,0.0,0.0,0.0,0.0,0.0,0.0,0.0,0.0,0.0,140004200,0,0,0,0,0,0.0,vmlinux,uncharge_batch,[Unknown],0xffffffffaae9e400
up_write,0.087165,0.0,0.0,0.0,0.0,0.0,0.0,0.0,0.0,0.0,0.0,0.0,0,0,0,0,0,0,0.0,vmlinux,up_write,[Unknown],0xffffffffaacf0aa0
update_cfs_rq_h_load,0.087165,0.0,,,0.0,,0.0,0.0,0.0,0.0,0.0,0.0,0,0,0,0,0,0,0.0,vmlinux,update_cfs_rq_h_load,[Unknown],0xffffffffaaccdfb0
update_load_avg,0.087165,0.0,0.0,0.0,0.0,0.0,0.0,0.0,0.0,0.0,0.0,0.0,0,0,0,0,0,0,0.0,vmlinux,update_load_avg,[Unknown],0xffffffffaacd10d0
update_rt_rq_load_avg,0.087165,0.0,0.0,0.0,0.0,0.0,0.0,0.0,0.0,0.0,0.0,0.0,0,0,0,0,0,0,0.0,vmlinux,update_rt_rq_load_avg,[Unknown],0xffffffffaace7f00
vma_compute_subtree_gap,0.087165,0.0,0.0,0.0,0.0,0.0,0.0,0.0,0.0,0.0,0.0,0.0,0,0,0,0,0,0,0.0,vmlinux,vma_compute_subtree_gap,[Unknown],0xffffffffaae4e670
vmacache_update,0.087165,0.0,0.0,0.0,0.0,0.0,0.0,0.0,0.0,0.0,0.0,0.0,0,0,0,0,0,0,0.0,vmlinux,vmacache_update,[Unknown],0xffffffffaae3d6e0
wake_up_q,0.087165,,0.0,0.0,0.0,0.0,0.0,0.0,0.0,0.0,0.0,0.0,0,0,0,0,0,0,0.0,vmlinux,wake_up_q,[Unknown],0xffffffffaacc9340
zap_huge_pmd,0.087165,0.0,0.0,0.0,0.0,0.0,0.0,0.0,0.0,0.0,0.0,0.0,0,140004200,0,0,0,0,0.0,vmlinux,zap_huge_pmd,[Unknown],0xffffffffaae91f90
[Unknown stack frame(s)],0.0,0.0,0.0,0.0,0.0,0.0,0.0,0.0,64.3,,,0.0,5040151200,840025200,280019600,700049000,1260088200,0,0.0,[Unknown],[Unknown stack frame(s)],[Unknown],0x0
__dec_node_state,0.0,-0.0,0.0,0.0,0.0,0.0,0.0,0.0,0.0,0.0,0.0,0.0,0,140004200,0,0,0,0,0.0,vmlinux,__dec_node_state,[Unknown],0xffffffffaae2fb00
"__gnu_cxx::__normal_iterator<unsigned int*, std::vector<unsigned int, std::allocator<unsigned int>>>::__normal_iterator",0.0,0.0,0.0,0.0,0.0,0.0,0.0,0.0,0.0,0.0,0.0,0.0,1680050400,0,0,0,0,0,7.000000,imm,"__gnu_cxx::__normal_iterator<unsigned int*, std::vector<unsigned int, std::allocator<unsigned int>>>::__normal_iterator(unsigned int* const&)",stl_iterator.h,0xf6d9
"__gnu_cxx::new_allocator<unsigned int>::construct<unsigned int, unsigned int const&>",0.0,-0.0,0.0,0.0,0.0,0.0,0.0,0.0,0.0,0.0,0.0,0.0,0,140004200,0,0,0,0,0.0,imm,"void __gnu_cxx::new_allocator<unsigned int>::construct<unsigned int, unsigned int const&>(unsigned int*, unsigned int const&&&)",new_allocator.h,0x45147
__gnu_cxx::new_allocator<unsigned int>::deallocate,0.0,0.0,0.0,0.0,0.0,0.0,0.0,0.0,0.0,0.0,0.0,0.0,140004200,0,0,0,0,0,0.0,imm,"__gnu_cxx::new_allocator<unsigned int>::deallocate(unsigned int*, unsigned long)",new_allocator.h,0x12cd8
__schedule,0.0,0.0,100.0,0.0,0.0,0.0,0.0,100.0,0.0,0.0,0.0,0.0,140004200,0,0,0,0,0,7.000000,vmlinux,__schedule,[Unknown],0xffffffffab64a700
__split_huge_pmd_locked,0.0,0.0,0.0,0.0,0.0,0.0,0.0,0.0,0.0,0.0,0.0,0.0,140004200,0,0,0,0,0,0.0,vmlinux,__split_huge_pmd_locked,[Unknown],0xffffffffaae8f690
__tlb_remove_page_size,0.0,0.0,0.0,0.0,0.0,0.0,0.0,0.0,0.0,0.0,0.0,0.0,700021000,0,0,0,0,0,0.0,vmlinux,__tlb_remove_page_size,[Unknown],0xffffffffaae53870
_vm_normal_page,0.0,0.0,0.0,0.0,0.0,0.0,0.0,0.0,0.0,0.0,0.0,0.0,280008400,0,0,0,0,0,0.0,vmlinux,_vm_normal_page,[Unknown],0xffffffffaae452b0
add_mm_counter_fast,0.0,100.0,100.0,0.0,0.0,0.0,0.0,0.0,0.0,0.0,0.0,0.0,0,0,0,0,0,0,9.000000,vmlinux,add_mm_counter_fast,[Unknown],0xffffffffaae43670
alloc_perturb,0.0,100.0,,0.0,0.0,0.0,0.0,0.0,0.0,0.0,0.0,0.0,0,0,0,0,0,0,0.0,libc-2.29.so,alloc_perturb,malloc.c,0x97776
alloc_perturb,0.0,0.0,0.0,0.0,0.0,0.0,0.0,0.0,0.0,0.0,0.0,0.0,140004200,0,0,0,0,0,0.0,libc-2.29.so,alloc_perturb,malloc.c,0x975ca
arch_get_unmapped_area_topdown,0.0,0.0,0.0,0.0,0.0,0.0,0.0,0.0,0.0,0.0,0.0,0.0,0,0,0,0,0,0,7.000000,vmlinux,arch_get_unmapped_area_topdown,[Unknown],0xffffffffaac35b00
cpumask_next_and,0.0,,0.0,0.0,0.0,0.0,0.0,0.0,0.0,0.0,0.0,0.0,0,0,0,0,0,0,7.000000,vmlinux,cpumask_next_and,[Unknown],0xffffffffab629f00
d_path,0.0,0.0,0.0,0.0,0.0,0.0,0.0,0.0,0.0,0.0,0.0,0.0,140004200,0,0,0,0,0,0.0,vmlinux,d_path,[Unknown],0xffffffffaaef0160
free_pgd_range,0.0,0.0,0.0,0.0,0.0,0.0,0.0,0.0,0.0,0.0,0.0,0.0,140004200,0,0,0,0,0,0.0,vmlinux,free_pgd_range,[Unknown],0xffffffffaae44920
free_unref_page_list,0.0,-0.0,0.0,0.0,0.0,0.0,0.0,0.0,0.0,0.0,0.0,0.0,560016800,140004200,0,0,0,0,19.000000,vmlinux,free_unref_page_list,[Unknown],0xffffffffaae0f060
func@0x95d60,0.0,-0.0,0.0,0.0,0.0,0.0,0.0,0.0,0.0,0.0,0.0,0.0,3500105000,0,0,0,0,0,0.0,libstdc++.so.6.0.26,func@0x95d60,[Unknown],0x95d60
get_vma_policy.part.39,0.0,0.0,0.0,0.0,0.0,0.0,0.0,0.0,0.0,0.0,0.0,0.0,140004200,0,0,0,0,0,0.0,vmlinux,get_vma_policy.part.39,[Unknown],0xffffffffaae74220
hrtimer_forward,0.0,0.0,0.0,0.0,0.0,0.0,0.0,0.0,0.0,0.0,0.0,0.0,0,140004200,0,0,0,0,0.0,vmlinux,hrtimer_forward,[Unknown],0xffffffffaad22b90
inc_zone_page_state,0.0,0.0,0.0,0.0,0.0,0.0,0.0,0.0,0.0,0.0,0.0,0.0,140004200,0,0,0,0,0,0.0,vmlinux,inc_zone_page_state,[Unknown],0xffffffffaae2f280
kernel_poison_pages,0.0,0.0,0.0,0.0,0.0,0.0,0.0,0.0,0.0,0.0,0.0,0.0,420012600,0,0,0,0,0,0.0,vmlinux,kernel_poison_pages,[Unknown],0xffffffffaae7e350
native_iret,0.0,0.0,0.0,0.0,0.0,0.0,0.0,0.0,0.0,0.0,0.0,0.0,280008400,0,0,0,0,0,0.0,vmlinux,native_iret,[Unknown],0xffffffffab800a20
native_irq_return_iret,0.0,0.0,0.0,0.0,0.0,0.0,0.0,0.0,0.0,0.0,0.0,0.0,1260037800,0,0,0,0,0,0.0,vmlinux,native_irq_return_iret,[Unknown],0xffffffffab800a27
new_heap,0.0,100.0,,0.0,0.0,0.0,0.0,0.0,0.0,0.0,0.0,0.0,0,0,0,0,0,0,0.0,libc-2.29.so,new_heap,arena.c,0x935a0
nmi_handle,0.0,0.0,0.0,0.0,0.0,0.0,0.0,0.0,0.0,0.0,0.0,0.0,280008400,0,0,0,0,0,0.0,vmlinux,nmi_handle,[Unknown],0xffffffffaac33b10
on_each_cpu_cond_mask,0.0,0.0,0.0,0.0,0.0,0.0,0.0,0.0,0.0,0.0,0.0,0.0,0,140004200,0,0,0,0,0.0,vmlinux,on_each_cpu_cond_mask,[Unknown],0xffffffffaad3a6c0
page_counter_cancel,0.0,0.0,0.0,0.0,0.0,0.0,0.0,0.0,0.0,0.0,0.0,0.0,280008400,140004200,0,0,0,0,0.0,vmlinux,page_counter_cancel,[Unknown],0xffffffffaae99d20
page_mapping,0.0,0.0,0.0,0.0,0.0,0.0,0.0,0.0,0.0,0.0,0.0,0.0,0,0,0,0,0,0,26.500000,vmlinux,page_mapping,[Unknown],0xffffffffaae2cde0
pmd_page_vaddr,0.0,0.0,0.0,0.0,0.0,0.0,0.0,0.0,0.0,0.0,0.0,0.0,280008400,0,0,0,0,0,0.0,vmlinux,pmd_page_vaddr,[Unknown],0xffffffffaae43580
prepare_exit_to_usermode,0.0,0.0,0.0,0.0,0.0,0.0,0.0,0.0,0.0,0.0,0.0,0.0,420012600,140004200,0,0,0,0,0.0,vmlinux,prepare_exit_to_usermode,[Unknown],0xffffffffaac040f0
prepend_name,0.0,0.0,0.0,0.0,0.0,0.0,0.0,0.0,0.0,0.0,0.0,0.0,140004200,0,0,0,0,0,0.0,vmlinux,prepend_name,[Unknown],0xffffffffaaeefd40
profile_tick,0.0,0.0,0.0,0.0,0.0,0.0,0.0,0.0,0.0,0.0,0.0,0.0,0,140004200,0,0,0,0,0.0,vmlinux,profile_tick,[Unknown],0xffffffffaad1d4e0
ptr_to_id,0.0,100.0,,0.0,0.0,0.0,0.0,0.0,0.0,0.0,0.0,0.0,0,0,0,0,0,0,0.0,vmlinux,ptr_to_id,[Unknown],0xffffffffab636e60
rcu_segcblist_ready_cbs,0.0,100.0,100.0,0.0,0.0,0.0,0.0,0.0,0.0,0.0,0.0,0.0,0,0,0,0,0,0,0.0,vmlinux,rcu_segcblist_ready_cbs,[Unknown],0xffffffffaad16160
record_times,0.0,,0.0,0.0,0.0,0.0,0.0,0.0,0.0,0.0,0.0,0.0,0,0,0,0,0,0,8.000000,vmlinux,record_times,[Unknown],0xffffffffaacefdf0
reschedule_interrupt,0.0,0.0,0.0,0.0,0.0,0.0,0.0,0.0,0.0,0.0,0.0,0.0,0,140004200,0,0,0,0,0.0,vmlinux,reschedule_interrupt,[Unknown],0xffffffffab801b40
run_rebalance_domains,0.0,0.0,0.0,0.0,0.0,0.0,0.0,0.0,0.0,0.0,0.0,0.0,140004200,0,0,0,0,0,0.0,vmlinux,run_rebalance_domains,[Unknown],0xffffffffaacdabf0
"std::_Rb_tree<unsigned int, std::pair<unsigned int const, unsigned int>, std::_Select1st<std::pair<unsigned int const, unsigned int>>, std::less<unsigned int>, std::allocator<std::pair<unsigned int const, unsigned int>>>::_M_copy<std::_Rb_tree<unsigned int, std::pair<unsigned int const, unsigned int>, std::_Select1st<std::pair<unsigned int const, unsigned int>>, std::less<unsigned int>, std::allocator<std::pair<unsigned int const, unsigned int>>>::_Reuse_or_alloc_node>",0.0,100.0,100.0,0.0,0.0,100.0,0.0,0.0,0.0,0.0,0.0,0.0,0,0,0,0,0,0,0.0,imm,"std::_Rb_tree_node<std::pair<unsigned int const, unsigned int>>* std::_Rb_tree<unsigned int, std::pair<unsigned int const, unsigned int>, std::_Select1st<std::pair<unsigned int const, unsigned int>>, std::less<unsigned int>, std::allocator<std::pair<unsigned int const, unsigned int>>>::_M_copy<std::_Rb_tree<unsigned int, std::pair<unsigned int const, unsigned int>, std::_Select1st<std::pair<unsigned int const, unsigned int>>, std::less<unsigned int>, std::allocator<std::pair<unsigned int const, unsigned int>>>::_Reuse_or_alloc_node>(std::_Rb_tree_node<std::pair<unsigned int const, unsigned int>> const*, std::_Rb_tree_node_base*, std::_Rb_tree<unsigned int, std::pair<unsigned int const, unsigned int>, std::_Select1st<std::pair<unsigned int const, unsigned int>>, std::less<unsigned int>, std::allocator<std::pair<unsigned int const, unsigned int>>>::_Reuse_or_alloc_node&)",stl_tree.h,0x41950
"std::vector<ripples::WeightedDestination<unsigned int, float>*, std::allocator<ripples::WeightedDestination<unsigned int, float>*>>::operator[]",0.0,100.0,100.0,0.0,0.0,0.0,0.0,0.0,0.0,0.0,0.0,0.0,0,0,0,0,0,0,0.0,imm,"std::vector<ripples::WeightedDestination<unsigned int, float>*, std::allocator<ripples::WeightedDestination<unsigned int, float>*>>::operator[](unsigned long)",stl_vector.h,0x41f77
"std::vector<unsigned int, std::allocator<unsigned int>>::_M_check_len",0.0,0.0,0.0,0.0,0.0,0.0,0.0,0.0,0.0,0.0,0.0,0.0,140004200,0,0,0,0,0,0.0,imm,"std::vector<unsigned int, std::allocator<unsigned int>>::_M_check_len(unsigned long, char const*) const",stl_vector.h,0x3025a
sysmalloc,0.0,100.0,100.0,0.0,0.0,0.0,0.0,0.0,0.0,0.0,0.0,0.0,0,0,0,0,0,0,0.0,libc-2.29.so,sysmalloc,malloc.c,0x95d90
tick_nohz_tick_stopped,0.0,0.0,0.0,0.0,0.0,0.0,0.0,0.0,0.0,0.0,0.0,0.0,140004200,0,0,0,0,0,0.0,vmlinux,tick_nohz_tick_stopped,[Unknown],0xffffffffaad34a90
unmap_single_vma,0.0,0.0,0.0,0.0,0.0,0.0,0.0,0.0,0.0,0.0,0.0,0.0,140004200,0,0,0,0,0,0.0,vmlinux,unmap_single_vma,[Unknown],0xffffffffaae468e0
