Function,CPU Time,Memory Bound(%),Memory Bound:L1 Bound(%),Memory Bound:L2 Bound(%),Memory Bound:L3 Bound(%),Memory Bound:DRAM Bound(%),Memory Bound:DRAM Bound:Memory Bandwidth(%),Memory Bound:DRAM Bound:Memory Latency(%),Memory Bound:DRAM Bound:Memory Latency:NUMA: % of Remote Accesses(%),Memory Bound:DRAM Bound:Memory Latency:Local DRAM(%),Memory Bound:DRAM Bound:Memory Latency:Remote DRAM(%),Memory Bound:DRAM Bound:Memory Latency:Remote Cache(%),Loads,Stores,LLC Miss Count,LLC Miss Count:Local DRAM Access Count,LLC Miss Count:Remote DRAM Access Count,LLC Miss Count:Local Persistent Memory Access Count,LLC Miss Count:Remote Persistent Memory Access Count,LLC Miss Count:Remote Cache Access Count,Average Latency (cycles),Module,Function (Full),Source File,Start Address
"ripples::AddRRRSet<ripples::Graph<unsigned int, ripples::WeightedDestination<unsigned int, float>, ripples::BackwardDirection<unsigned int>>, trng::lcg64, ripples::independent_cascade_tag>",721.183705,6.2,18.5,3.7,10.3,1.2,2.1,38.0,0.0,0.0,0.0,0.0,514795443400,179345380200,0,0,0,0,0,0,13.677618,imm,"void ripples::AddRRRSet<ripples::Graph<unsigned int, ripples::WeightedDestination<unsigned int, float>, ripples::BackwardDirection<unsigned int>>, trng::lcg64, ripples::independent_cascade_tag>(ripples::Graph<unsigned int, ripples::WeightedDestination<unsigned int, float>, ripples::BackwardDirection<unsigned int>> const&, ripples::Graph<unsigned int, ripples::WeightedDestination<unsigned int, float>, ripples::BackwardDirection<unsigned int>>::vertex_type, trng::lcg64&, std::vector<ripples::Graph<unsigned int, ripples::WeightedDestination<unsigned int, float>, ripples::BackwardDirection<unsigned int>>::vertex_type, std::allocator<ripples::Graph<unsigned int, ripples::WeightedDestination<unsigned int, float>, ripples::BackwardDirection<unsigned int>>::vertex_type>>&, ripples::independent_cascade_tag&&)",stl_bvector.h,0xaeca
[vmlinux],314.569977,67.5,26.5,4.8,9.2,2.2,0.7,19.2,0.0,0.0,0.0,0.0,24080722400,9660289800,0,0,0,0,0,0,13.941176,vmlinux,[vmlinux],[Unknown],0x0
"std::vector<unsigned int, std::allocator<unsigned int>>::push_back",268.766009,2.2,23.7,0.0,8.9,2.6,0.7,41.5,0.0,0.0,0.0,0.0,8540256200,560016800,0,0,0,0,0,0,7.360000,imm,"std::vector<unsigned int, std::allocator<unsigned int>>::push_back(unsigned int const&)",stl_vector.h,0x12d8b
"std::__move_merge<unsigned int*, __gnu_cxx::__normal_iterator<unsigned int*, std::vector<unsigned int, std::allocator<unsigned int>>>, __gnu_cxx::__ops::_Iter_less_iter>",246.757441,0.3,11.5,0.0,0.0,0.0,0.0,2.0,0.0,0.0,0.0,0.0,101223036600,48861465800,0,0,0,0,0,0,7.116883,imm,"__gnu_cxx::__normal_iterator<unsigned int*, std::vector<unsigned int, std::allocator<unsigned int>>> std::__move_merge<unsigned int*, __gnu_cxx::__normal_iterator<unsigned int*, std::vector<unsigned int, std::allocator<unsigned int>>>, __gnu_cxx::__ops::_Iter_less_iter>(unsigned int*, unsigned int*, unsigned int*, unsigned int*, __gnu_cxx::__normal_iterator<unsigned int*, std::vector<unsigned int, std::allocator<unsigned int>>>, __gnu_cxx::__ops::_Iter_less_iter)",stl_algo.h,0xf8e7
trng::lcg64::step,186.615218,15.5,21.8,0.0,12.8,20.7,2.7,59.0,0.0,0.0,0.0,0.0,51521545600,32200966000,0,0,0,0,0,0,7.305085,imm,trng::lcg64::step(void),lcg64.hpp,0x12e03
"ripples::Graph<unsigned int, ripples::WeightedDestination<unsigned int, float>, ripples::BackwardDirection<unsigned int>>::neighbors",110.522231,18.1,11.4,11.4,26.6,5.7,5.7,64.7,0.0,0.0,0.0,0.0,34301029000,0,0,0,0,0,0,0,38.380952,imm,"ripples::Graph<unsigned int, ripples::WeightedDestination<unsigned int, float>, ripples::BackwardDirection<unsigned int>>::neighbors(unsigned int) const",graph.h,0x12dc3
"__gnu_cxx::__normal_iterator<unsigned int*, std::vector<unsigned int, std::allocator<unsigned int>>>::operator++",98.755274,6.3,9.5,0.0,0.0,0.0,0.0,3.2,0.0,0.0,0.0,0.0,0,21420642600,0,0,0,0,0,0,0.0,imm,"__gnu_cxx::__normal_iterator<unsigned int*, std::vector<unsigned int, std::allocator<unsigned int>>>::operator++(void)",stl_iterator.h,0xf768
"__gnu_cxx::__normal_iterator<unsigned int*, std::vector<unsigned int, std::allocator<unsigned int>>>::operator++",76.485219,2.5,14.4,0.0,0.0,0.0,0.0,2.6,0.0,0.0,0.0,0.0,0,28000840000,0,0,0,0,0,0,0.0,imm,"__gnu_cxx::__normal_iterator<unsigned int*, std::vector<unsigned int, std::allocator<unsigned int>>>::operator++(void)",stl_iterator.h,0xf785
"trng::utility::u01xx_traits<float, (unsigned long)1, trng::lcg64>::addin",49.595544,4.0,1.9,9.7,0.0,1.9,0.0,13.6,0.0,0.0,0.0,0.0,0,0,0,0,0,0,0,0,0.0,imm,"trng::utility::u01xx_traits<float, (unsigned long)1, trng::lcg64>::addin(trng::lcg64&)",uniformxx.hpp,0x12e03
"std::__move_merge<__gnu_cxx::__normal_iterator<unsigned int*, std::vector<unsigned int, std::allocator<unsigned int>>>, unsigned int*, __gnu_cxx::__ops::_Iter_less_iter>",46.370526,6.1,11.1,0.0,0.0,0.0,0.0,6.7,0.0,0.0,0.0,0.0,0,0,0,0,0,0,0,0,0.0,imm,"unsigned int* std::__move_merge<__gnu_cxx::__normal_iterator<unsigned int*, std::vector<unsigned int, std::allocator<unsigned int>>>, unsigned int*, __gnu_cxx::__ops::_Iter_less_iter>(__gnu_cxx::__normal_iterator<unsigned int*, std::vector<unsigned int, std::allocator<unsigned int>>>, __gnu_cxx::__normal_iterator<unsigned int*, std::vector<unsigned int, std::allocator<unsigned int>>>, __gnu_cxx::__normal_iterator<unsigned int*, std::vector<unsigned int, std::allocator<unsigned int>>>, __gnu_cxx::__normal_iterator<unsigned int*, std::vector<unsigned int, std::allocator<unsigned int>>>, unsigned int*, __gnu_cxx::__ops::_Iter_less_iter)",stl_algo.h,0xf755
__memmove_avx_unaligned_erms,37.785006,21.3,16.7,0.0,0.0,25.1,11.2,5.6,0.0,0.0,0.0,0.0,2940088200,2520075600,0,0,0,0,0,0,7.833333,libc-2.29.so,__memmove_avx_unaligned_erms,memmove-vec-unaligned-erms.S,0x189080
"trng::utility::u01xx_traits<float, (unsigned long)1, trng::lcg64>::co",36.913379,0.0,21.9,5.5,2.7,0.0,0.0,24.6,0.0,0.0,0.0,0.0,77982339400,0,0,0,0,0,0,0,7.000000,imm,"trng::utility::u01xx_traits<float, (unsigned long)1, trng::lcg64>::co(trng::lcg64&)",uniformxx.hpp,0x12e03
"std::vector<bool, std::allocator<bool>>::operator[]",32.163015,3.3,34.9,0.0,6.3,3.2,0.0,76.2,0.0,0.0,0.0,0.0,0,0,0,0,0,0,0,0,0.0,imm,"std::vector<bool, std::allocator<bool>>::operator[](unsigned long)",stl_bvector.h,0x12d95
"__gnu_cxx::__ops::_Iter_less_iter::operator()<__gnu_cxx::__normal_iterator<unsigned int*, std::vector<unsigned int, std::allocator<unsigned int>>>, __gnu_cxx::__normal_iterator<unsigned int*, std::vector<unsigned int, std::allocator<unsigned int>>>>",28.937997,3.7,3.1,3.1,0.0,0.0,0.0,3.1,0.0,0.0,0.0,0.0,104163124800,0,0,0,0,0,0,0,7.105263,imm,"bool __gnu_cxx::__ops::_Iter_less_iter::operator()<__gnu_cxx::__normal_iterator<unsigned int*, std::vector<unsigned int, std::allocator<unsigned int>>>, __gnu_cxx::__normal_iterator<unsigned int*, std::vector<unsigned int, std::allocator<unsigned int>>>>(__gnu_cxx::__normal_iterator<unsigned int*, std::vector<unsigned int, std::allocator<unsigned int>>>, __gnu_cxx::__normal_iterator<unsigned int*, std::vector<unsigned int, std::allocator<unsigned int>>>) const",predefined_ops.h,0xf77c
"__gnu_cxx::__normal_iterator<unsigned int*, std::vector<unsigned int, std::allocator<unsigned int>>>::operator++",26.584606,0.0,19.0,0.0,0.0,0.0,0.0,0.0,0.0,0.0,0.0,0.0,0,0,0,0,0,0,0,0,0.0,imm,"__gnu_cxx::__normal_iterator<unsigned int*, std::vector<unsigned int, std::allocator<unsigned int>>>::operator++(void)",stl_iterator.h,0xf8fe
"ripples::CountOccurrencies<__gnu_cxx::__normal_iterator<std::vector<unsigned int, std::allocator<unsigned int>>*, std::vector<std::vector<unsigned int, std::allocator<unsigned int>>, std::allocator<std::vector<unsigned int, std::allocator<unsigned int>>>>>, __gnu_cxx::__normal_iterator<unsigned int*, std::vector<unsigned int, std::allocator<unsigned int>>>>._omp_fn.12",24.056889,37.8,0.0,28.4,9.5,6.3,100.0,0.0,0.0,0.0,0.0,0.0,56141684200,27860835800,0,0,0,0,0,0,20.307692,imm,"ripples::CountOccurrencies<__gnu_cxx::__normal_iterator<std::vector<unsigned int, std::allocator<unsigned int>>*, std::vector<std::vector<unsigned int, std::allocator<unsigned int>>, std::allocator<std::vector<unsigned int, std::allocator<unsigned int>>>>>, __gnu_cxx::__normal_iterator<unsigned int*, std::vector<unsigned int, std::allocator<unsigned int>>>>._omp_fn.12",counting.h,0xd620
"std::__move_merge_adaptive_backward<__gnu_cxx::__normal_iterator<unsigned int*, std::vector<unsigned int, std::allocator<unsigned int>>>, unsigned int*, __gnu_cxx::__normal_iterator<unsigned int*, std::vector<unsigned int, std::allocator<unsigned int>>>, __gnu_cxx::__ops::_Iter_less_iter>",19.742339,0.0,19.4,0.0,0.0,0.0,0.0,24.3,0.0,0.0,0.0,0.0,8820264600,4480134400,0,0,0,0,0,0,7.000000,imm,"void std::__move_merge_adaptive_backward<__gnu_cxx::__normal_iterator<unsigned int*, std::vector<unsigned int, std::allocator<unsigned int>>>, unsigned int*, __gnu_cxx::__normal_iterator<unsigned int*, std::vector<unsigned int, std::allocator<unsigned int>>>, __gnu_cxx::__ops::_Iter_less_iter>(__gnu_cxx::__normal_iterator<unsigned int*, std::vector<unsigned int, std::allocator<unsigned int>>>, __gnu_cxx::__normal_iterator<unsigned int*, std::vector<unsigned int, std::allocator<unsigned int>>>, unsigned int*, unsigned int*, __gnu_cxx::__normal_iterator<unsigned int*, std::vector<unsigned int, std::allocator<unsigned int>>>, __gnu_cxx::__ops::_Iter_less_iter)",stl_algo.h,0x1237c
[sep5],18.434899,63.9,16.8,33.5,16.8,0.0,0.0,83.8,0.0,0.0,0.0,0.0,1820054600,0,0,0,0,0,0,0,39.500000,sep5,[sep5],[Unknown],0x0
"__gnu_cxx::__normal_iterator<unsigned int*, std::vector<unsigned int, std::allocator<unsigned int>>>::operator++",17.388947,0.0,15.9,0.0,0.0,0.0,0.0,5.3,0.0,0.0,0.0,0.0,0,4480134400,0,0,0,0,0,0,0.0,imm,"__gnu_cxx::__normal_iterator<unsigned int*, std::vector<unsigned int, std::allocator<unsigned int>>>::operator++(void)",stl_iterator.h,0xf838
"std::__unguarded_linear_insert<__gnu_cxx::__normal_iterator<unsigned int*, std::vector<unsigned int, std::allocator<unsigned int>>>, __gnu_cxx::__ops::_Val_less_iter>",16.342995,8.0,24.6,0.0,0.0,0.0,12.3,61.5,0.0,0.0,0.0,0.0,0,10920327600,0,0,0,0,0,0,0.0,imm,"void std::__unguarded_linear_insert<__gnu_cxx::__normal_iterator<unsigned int*, std::vector<unsigned int, std::allocator<unsigned int>>>, __gnu_cxx::__ops::_Val_less_iter>(__gnu_cxx::__normal_iterator<unsigned int*, std::vector<unsigned int, std::allocator<unsigned int>>>, __gnu_cxx::__ops::_Val_less_iter)",stl_algo.h,0xf622
"std::__insertion_sort<__gnu_cxx::__normal_iterator<unsigned int*, std::vector<unsigned int, std::allocator<unsigned int>>>, __gnu_cxx::__ops::_Iter_less_iter>",14.468999,15.2,26.9,6.7,0.0,0.0,6.7,74.0,0.0,0.0,0.0,0.0,4060121800,0,0,0,0,0,0,0,7.000000,imm,"void std::__insertion_sort<__gnu_cxx::__normal_iterator<unsigned int*, std::vector<unsigned int, std::allocator<unsigned int>>>, __gnu_cxx::__ops::_Iter_less_iter>(__gnu_cxx::__normal_iterator<unsigned int*, std::vector<unsigned int, std::allocator<unsigned int>>>, __gnu_cxx::__normal_iterator<unsigned int*, std::vector<unsigned int, std::allocator<unsigned int>>>, __gnu_cxx::__ops::_Iter_less_iter)",stl_algo.h,0xf5d5
"__gnu_cxx::__normal_iterator<unsigned int*, std::vector<unsigned int, std::allocator<unsigned int>>>::operator++",12.638583,14.3,21.1,0.0,0.0,0.0,0.0,0.0,0.0,0.0,0.0,0.0,0,6020180600,0,0,0,0,0,0,0.0,imm,"__gnu_cxx::__normal_iterator<unsigned int*, std::vector<unsigned int, std::allocator<unsigned int>>>::operator++(void)",stl_iterator.h,0xf855
__GI___libc_malloc,11.331144,73.9,27.1,9.0,0.0,9.0,0.0,18.1,0.0,0.0,0.0,0.0,3360100800,1960058800,0,0,0,0,0,0,16.000000,libc-2.29.so,__GI___libc_malloc,malloc.c,0x98a40
"__gnu_cxx::__ops::_Val_less_iter::operator()<unsigned int, __gnu_cxx::__normal_iterator<unsigned int*, std::vector<unsigned int, std::allocator<unsigned int>>>>",10.328773,3.0,9.8,0.0,0.0,0.0,0.0,39.0,0.0,0.0,0.0,0.0,4060121800,0,0,0,0,0,0,0,7.769231,imm,"bool __gnu_cxx::__ops::_Val_less_iter::operator()<unsigned int, __gnu_cxx::__normal_iterator<unsigned int*, std::vector<unsigned int, std::allocator<unsigned int>>>>(unsigned int&, __gnu_cxx::__normal_iterator<unsigned int*, std::vector<unsigned int, std::allocator<unsigned int>>>) const",predefined_ops.h,0xf622
__memset_avx2_erms,10.328773,95.0,0.0,0.0,0.0,0.0,0.0,0.0,0.0,0.0,0.0,0.0,0,0,0,0,0,0,0,0,0.0,libc-2.29.so,__memset_avx2_erms,memset-vec-unaligned-erms.S,0x1894d0
"__gnu_cxx::__normal_iterator<unsigned int*, std::vector<unsigned int, std::allocator<unsigned int>>>::operator++",10.198029,13.0,28.4,0.0,0.0,0.0,0.0,0.0,0.0,0.0,0.0,0.0,0,2520075600,0,0,0,0,0,0,0.0,imm,"__gnu_cxx::__normal_iterator<unsigned int*, std::vector<unsigned int, std::allocator<unsigned int>>>::operator++(void)",stl_iterator.h,0x12300
"std::__move_merge_adaptive<unsigned int*, __gnu_cxx::__normal_iterator<unsigned int*, std::vector<unsigned int, std::allocator<unsigned int>>>, __gnu_cxx::__normal_iterator<unsigned int*, std::vector<unsigned int, std::allocator<unsigned int>>>, __gnu_cxx::__ops::_Iter_less_iter>",9.892960,16.0,20.9,0.0,0.0,0.0,0.0,31.3,0.0,0.0,0.0,0.0,7840235200,3360100800,0,0,0,0,0,0,7.000000,imm,"void std::__move_merge_adaptive<unsigned int*, __gnu_cxx::__normal_iterator<unsigned int*, std::vector<unsigned int, std::allocator<unsigned int>>>, __gnu_cxx::__normal_iterator<unsigned int*, std::vector<unsigned int, std::allocator<unsigned int>>>, __gnu_cxx::__ops::_Iter_less_iter>(unsigned int*, unsigned int*, __gnu_cxx::__normal_iterator<unsigned int*, std::vector<unsigned int, std::allocator<unsigned int>>>, __gnu_cxx::__normal_iterator<unsigned int*, std::vector<unsigned int, std::allocator<unsigned int>>>, __gnu_cxx::__normal_iterator<unsigned int*, std::vector<unsigned int, std::allocator<unsigned int>>>, __gnu_cxx::__ops::_Iter_less_iter)",stl_algo.h,0x122ea
"ripples::Graph<unsigned int, ripples::WeightedDestination<unsigned int, float>, ripples::BackwardDirection<unsigned int>>::Neighborhood::Neighborhood",9.152077,29.3,0.0,31.7,31.7,0.0,0.0,52.8,0.0,0.0,0.0,0.0,420012600,0,0,0,0,0,0,0,7.071429,imm,"ripples::Graph<unsigned int, ripples::WeightedDestination<unsigned int, float>, ripples::BackwardDirection<unsigned int>>::Neighborhood::Neighborhood(ripples::WeightedDestination<unsigned int, float>*, ripples::WeightedDestination<unsigned int, float>*)",graph.h,0x12dce
"std::__move_merge<__gnu_cxx::__normal_iterator<unsigned int*, std::vector<unsigned int, std::allocator<unsigned int>>>, unsigned int*, __gnu_cxx::__ops::_Iter_less_iter>",8.934171,0.0,33.7,0.0,0.0,0.0,0.0,0.0,0.0,0.0,0.0,0.0,0,0,0,0,0,0,0,0,0.0,imm,"unsigned int* std::__move_merge<__gnu_cxx::__normal_iterator<unsigned int*, std::vector<unsigned int, std::allocator<unsigned int>>>, unsigned int*, __gnu_cxx::__ops::_Iter_less_iter>(__gnu_cxx::__normal_iterator<unsigned int*, std::vector<unsigned int, std::allocator<unsigned int>>>, __gnu_cxx::__normal_iterator<unsigned int*, std::vector<unsigned int, std::allocator<unsigned int>>>, __gnu_cxx::__normal_iterator<unsigned int*, std::vector<unsigned int, std::allocator<unsigned int>>>, __gnu_cxx::__normal_iterator<unsigned int*, std::vector<unsigned int, std::allocator<unsigned int>>>, unsigned int*, __gnu_cxx::__ops::_Iter_less_iter)",stl_algo.h,0xf820
func@0x1d6d0,8.847008,0.0,0.0,0.0,0.0,0.0,0.0,0.0,0.0,0.0,0.0,0.0,140004200,0,0,0,0,0,0,0,0.0,libgomp.so.1.0.0,func@0x1d6d0,[Unknown],0x1d6d0
_int_free,8.716264,36.8,21.1,0.0,0.0,52.6,10.5,63.2,0.0,0.0,0.0,0.0,1820054600,1120033600,0,0,0,0,0,0,0.0,libc-2.29.so,_int_free,malloc.c,0x950c0
"__gnu_cxx::new_allocator<unsigned int>::construct<unsigned int, unsigned int const&>",7.975382,93.1,0.0,0.0,13.7,0.0,0.0,27.5,0.0,0.0,0.0,0.0,0,2520075600,0,0,0,0,0,0,0.0,imm,"void __gnu_cxx::new_allocator<unsigned int>::construct<unsigned int, unsigned int const&>(unsigned int*, unsigned int const&&&)",new_allocator.h,0x12e7e
"std::__copy_move_backward<(bool)1, (bool)1, std::random_access_iterator_tag>::__copy_move_b<unsigned int>",6.973011,15.5,15.3,0.0,0.0,0.0,0.0,45.9,0.0,0.0,0.0,0.0,0,560016800,0,0,0,0,0,0,0.0,imm,"unsigned int* std::__copy_move_backward<(bool)1, (bool)1, std::random_access_iterator_tag>::__copy_move_b<unsigned int>(unsigned int const*, unsigned int const*, unsigned int*)",stl_algobase.h,0xf5d5
"std::vector<bool, std::allocator<bool>>::operator[]",6.580780,0.0,0.0,0.0,0.0,14.0,0.0,14.0,0.0,0.0,0.0,0.0,0,0,0,0,0,0,0,0,0.0,imm,"std::vector<bool, std::allocator<bool>>::operator[](unsigned long)",stl_bvector.h,0x12e5a
"__gnu_cxx::__ops::_Iter_less_iter::operator()<__gnu_cxx::__normal_iterator<unsigned int*, std::vector<unsigned int, std::allocator<unsigned int>>>, __gnu_cxx::__normal_iterator<unsigned int*, std::vector<unsigned int, std::allocator<unsigned int>>>>",5.229759,0.0,18.9,0.0,0.0,0.0,0.0,0.0,0.0,0.0,0.0,0.0,19040571200,0,0,0,0,0,0,0,7.347826,imm,"bool __gnu_cxx::__ops::_Iter_less_iter::operator()<__gnu_cxx::__normal_iterator<unsigned int*, std::vector<unsigned int, std::allocator<unsigned int>>>, __gnu_cxx::__normal_iterator<unsigned int*, std::vector<unsigned int, std::allocator<unsigned int>>>>(__gnu_cxx::__normal_iterator<unsigned int*, std::vector<unsigned int, std::allocator<unsigned int>>>, __gnu_cxx::__normal_iterator<unsigned int*, std::vector<unsigned int, std::allocator<unsigned int>>>) const",predefined_ops.h,0xf84c
func@0x1d860,4.706783,0.0,0.0,0.0,0.0,0.0,0.0,0.0,0.0,0.0,0.0,0.0,420012600,0,0,0,0,0,0,0,0.0,libgomp.so.1.0.0,func@0x1d860,[Unknown],0x1d860
"__gnu_cxx::__ops::_Iter_less_iter::operator()<unsigned int*, __gnu_cxx::__normal_iterator<unsigned int*, std::vector<unsigned int, std::allocator<unsigned int>>>>",4.401713,29.3,51.2,0.0,0.0,0.0,0.0,17.1,0.0,0.0,0.0,0.0,700021000,0,0,0,0,0,0,0,7.000000,imm,"bool __gnu_cxx::__ops::_Iter_less_iter::operator()<unsigned int*, __gnu_cxx::__normal_iterator<unsigned int*, std::vector<unsigned int, std::allocator<unsigned int>>>>(unsigned int*, __gnu_cxx::__normal_iterator<unsigned int*, std::vector<unsigned int, std::allocator<unsigned int>>>) const",predefined_ops.h,0x12396
"std::__move_merge<unsigned int*, __gnu_cxx::__normal_iterator<unsigned int*, std::vector<unsigned int, std::allocator<unsigned int>>>, __gnu_cxx::__ops::_Iter_less_iter>",3.878738,-0.0,0.0,0.0,0.0,0.0,0.0,0.0,0.0,0.0,0.0,0.0,6580197400,3080092400,0,0,0,0,0,0,7.000000,imm,"__gnu_cxx::__normal_iterator<unsigned int*, std::vector<unsigned int, std::allocator<unsigned int>>> std::__move_merge<unsigned int*, __gnu_cxx::__normal_iterator<unsigned int*, std::vector<unsigned int, std::allocator<unsigned int>>>, __gnu_cxx::__ops::_Iter_less_iter>(unsigned int*, unsigned int*, unsigned int*, unsigned int*, __gnu_cxx::__normal_iterator<unsigned int*, std::vector<unsigned int, std::allocator<unsigned int>>>, __gnu_cxx::__ops::_Iter_less_iter)",stl_algo.h,0xf9dd
func@0xa7b0,3.442924,-0.0,0.0,0.0,0.0,0.0,0.0,0.0,0.0,0.0,0.0,0.0,6860205800,0,0,0,0,0,0,0,7.000000,imm,func@0xa7b0,[Unknown],0xa7b0
"__gnu_cxx::__normal_iterator<unsigned int*, std::vector<unsigned int, std::allocator<unsigned int>>>::operator++",3.355762,0.0,30.8,0.0,0.0,0.0,0.0,0.0,0.0,0.0,0.0,0.0,0,0,0,0,0,0,0,0,0.0,imm,"__gnu_cxx::__normal_iterator<unsigned int*, std::vector<unsigned int, std::allocator<unsigned int>>>::operator++(void)",stl_iterator.h,0x12307
"__gnu_cxx::new_allocator<unsigned int>::construct<unsigned int, unsigned int const&>",3.225018,39.8,0.0,0.0,0.0,0.0,0.0,0.0,0.0,0.0,0.0,0.0,0,15260457800,0,0,0,0,0,0,0.0,imm,"void __gnu_cxx::new_allocator<unsigned int>::construct<unsigned int, unsigned int const&>(unsigned int*, unsigned int const&&&)",new_allocator.h,0x12e48
_int_malloc,3.225018,22.3,71.8,0.0,0.0,23.9,0.0,23.9,0.0,0.0,0.0,0.0,2100063000,2800084000,0,0,0,0,0,0,7.500000,libc-2.29.so,_int_malloc,malloc.c,0x966c0
"__gnu_cxx::__ops::_Iter_less_iter::operator()<__gnu_cxx::__normal_iterator<unsigned int*, std::vector<unsigned int, std::allocator<unsigned int>>>, __gnu_cxx::__normal_iterator<unsigned int*, std::vector<unsigned int, std::allocator<unsigned int>>>>",3.094274,4.6,43.1,0.0,0.0,0.0,0.0,86.2,0.0,0.0,0.0,0.0,18900567000,0,0,0,0,0,0,0,7.000000,imm,"bool __gnu_cxx::__ops::_Iter_less_iter::operator()<__gnu_cxx::__normal_iterator<unsigned int*, std::vector<unsigned int, std::allocator<unsigned int>>>, __gnu_cxx::__normal_iterator<unsigned int*, std::vector<unsigned int, std::allocator<unsigned int>>>>(__gnu_cxx::__normal_iterator<unsigned int*, std::vector<unsigned int, std::allocator<unsigned int>>>, __gnu_cxx::__normal_iterator<unsigned int*, std::vector<unsigned int, std::allocator<unsigned int>>>) const",predefined_ops.h,0xf619
"std::__copy_move<(bool)1, (bool)1, std::random_access_iterator_tag>::__copy_m<unsigned int>",3.007111,-0.0,0.0,0.0,0.0,0.0,0.0,0.0,0.0,0.0,0.0,0.0,0,140004200,0,0,0,0,0,0,0.0,imm,"unsigned int* std::__copy_move<(bool)1, (bool)1, std::random_access_iterator_tag>::__copy_m<unsigned int>(unsigned int const*, unsigned int const*, unsigned int*)",stl_algobase.h,0xf924
"__gnu_cxx::operator-<unsigned int*, std::vector<unsigned int, std::allocator<unsigned int>>>",2.919949,-0.0,0.0,0.0,0.0,0.0,0.0,41.2,0.0,0.0,0.0,0.0,0,0,0,0,0,0,0,0,0.0,imm,"__gnu_cxx::__normal_iterator<unsigned int*, std::vector<unsigned int, std::allocator<unsigned int>>>::difference_type __gnu_cxx::operator-<unsigned int*, std::vector<unsigned int, std::allocator<unsigned int>>>(__gnu_cxx::__normal_iterator<unsigned int*, std::vector<unsigned int, std::allocator<unsigned int>>> const&, __gnu_cxx::__normal_iterator<unsigned int*, std::vector<unsigned int, std::allocator<unsigned int>>> const&)",stl_iterator.h,0xf656
"std::__copy_move<(bool)1, (bool)1, std::random_access_iterator_tag>::__copy_m<unsigned int>",2.919949,-0.0,0.0,0.0,0.0,0.0,0.0,0.0,0.0,0.0,0.0,0.0,0,280008400,0,0,0,0,0,0,0.0,imm,"unsigned int* std::__copy_move<(bool)1, (bool)1, std::random_access_iterator_tag>::__copy_m<unsigned int>(unsigned int const*, unsigned int const*, unsigned int*)",stl_algobase.h,0xf7b0
"__gnu_cxx::__normal_iterator<unsigned int*, std::vector<unsigned int, std::allocator<unsigned int>>>::operator++",2.484135,0.0,84.8,0.0,0.0,0.0,0.0,42.4,0.0,0.0,0.0,0.0,0,0,0,0,0,0,0,0,0.0,imm,"__gnu_cxx::__normal_iterator<unsigned int*, std::vector<unsigned int, std::allocator<unsigned int>>>::operator++(void)",stl_iterator.h,0xf60c
"__gnu_cxx::__normal_iterator<unsigned int*, std::vector<unsigned int, std::allocator<unsigned int>>>::operator++",2.266229,0.0,100.0,0.0,0.0,0.0,0.0,0.0,0.0,0.0,0.0,0.0,0,0,0,0,0,0,0,0,0.0,imm,"__gnu_cxx::__normal_iterator<unsigned int*, std::vector<unsigned int, std::allocator<unsigned int>>>::operator++(void)",stl_iterator.h,0xfa01
std::_Bit_reference::operator=,2.091903,80.6,38.9,0.0,0.0,0.0,0.0,38.9,0.0,0.0,0.0,0.0,3220096600,6300189000,0,0,0,0,0,0,8.300000,imm,std::_Bit_reference::operator=(bool),stl_bvector.h,0x12e6c
"__gnu_cxx::__ops::_Iter_less_iter::operator()<__gnu_cxx::__normal_iterator<unsigned int*, std::vector<unsigned int, std::allocator<unsigned int>>>, unsigned int*>",2.048322,-0.0,0.0,0.0,0.0,0.0,0.0,0.0,0.0,0.0,0.0,0.0,140004200,0,0,0,0,0,0,0,7.000000,imm,"bool __gnu_cxx::__ops::_Iter_less_iter::operator()<__gnu_cxx::__normal_iterator<unsigned int*, std::vector<unsigned int, std::allocator<unsigned int>>>, unsigned int*>(__gnu_cxx::__normal_iterator<unsigned int*, std::vector<unsigned int, std::allocator<unsigned int>>>, unsigned int*) const",predefined_ops.h,0x1231c
__GI_,1.743253,0.0,0.0,0.0,0.0,0.0,0.0,0.0,0.0,0.0,0.0,0.0,280008400,0,0,0,0,0,0,0,0.0,libc-2.29.so,"float __GI_(long, int, bool, char)",malloc.c,0x991d0
"std::__copy_move<(bool)1, (bool)1, std::random_access_iterator_tag>::__copy_m<unsigned int>",1.612509,0.0,68.3,0.0,0.0,0.0,0.0,0.0,0.0,0.0,0.0,0.0,0,1540046200,0,0,0,0,0,0,0.0,imm,"unsigned int* std::__copy_move<(bool)1, (bool)1, std::random_access_iterator_tag>::__copy_m<unsigned int>(unsigned int const*, unsigned int const*, unsigned int*)",stl_algobase.h,0xf7c7
unlink_chunk,1.351021,0.0,0.0,0.0,100.0,0.0,0.0,100.0,0.0,0.0,0.0,0.0,700021000,140004200,0,0,0,0,0,0,7.000000,libc-2.29.so,unlink_chunk,malloc.c,0x93760
operator new,1.176696,57.6,100.0,0.0,0.0,0.0,0.0,0.0,0.0,0.0,0.0,0.0,0,280008400,0,0,0,0,0,0,7.000000,libstdc++.so.6.0.26,operator new(unsigned long),[Unknown],0xa5a10
"std::deque<unsigned int, std::allocator<unsigned int>>::_M_push_back_aux<unsigned int const&>",1.002370,0.0,0.0,100.0,0.0,0.0,0.0,0.0,0.0,0.0,0.0,0.0,0,0,0,0,0,0,0,0,0.0,imm,"void std::deque<unsigned int, std::allocator<unsigned int>>::_M_push_back_aux<unsigned int const&>(unsigned int const&&&)",deque.tcc,0x44e80
tcache_get,1.002370,0.0,0.0,100.0,0.0,0.0,0.0,0.0,0.0,0.0,0.0,0.0,140004200,0,0,0,0,0,0,0,0.0,libc-2.29.so,tcache_get,malloc.c,0x98bd9
"std::__copy_move<(bool)1, (bool)1, std::random_access_iterator_tag>::__copy_m<unsigned int>",0.828045,6.7,100.0,0.0,0.0,0.0,0.0,100.0,0.0,0.0,0.0,0.0,0,140004200,0,0,0,0,0,0,0.0,imm,"unsigned int* std::__copy_move<(bool)1, (bool)1, std::random_access_iterator_tag>::__copy_m<unsigned int>(unsigned int const*, unsigned int const*, unsigned int*)",stl_algobase.h,0xf940
"std::__merge_sort_loop<__gnu_cxx::__normal_iterator<unsigned int*, std::vector<unsigned int, std::allocator<unsigned int>>>, unsigned int*, long, __gnu_cxx::__ops::_Iter_less_iter>",0.697301,0.0,100.0,0.0,0.0,0.0,0.0,0.0,0.0,0.0,0.0,0.0,0,0,0,0,0,0,0,0,0.0,imm,"void std::__merge_sort_loop<__gnu_cxx::__normal_iterator<unsigned int*, std::vector<unsigned int, std::allocator<unsigned int>>>, unsigned int*, long, __gnu_cxx::__ops::_Iter_less_iter>(__gnu_cxx::__normal_iterator<unsigned int*, std::vector<unsigned int, std::allocator<unsigned int>>>, __gnu_cxx::__normal_iterator<unsigned int*, std::vector<unsigned int, std::allocator<unsigned int>>>, unsigned int*, long, __gnu_cxx::__ops::_Iter_less_iter)",stl_algo.h,0xf6fa
"__gnu_cxx::operator-<unsigned int*, std::vector<unsigned int, std::allocator<unsigned int>>>",0.653720,0.0,0.0,0.0,0.0,0.0,0.0,0.0,0.0,0.0,0.0,0.0,700021000,0,0,0,0,0,0,0,0.0,imm,"__gnu_cxx::__normal_iterator<unsigned int*, std::vector<unsigned int, std::allocator<unsigned int>>>::difference_type __gnu_cxx::operator-<unsigned int*, std::vector<unsigned int, std::allocator<unsigned int>>>(__gnu_cxx::__normal_iterator<unsigned int*, std::vector<unsigned int, std::allocator<unsigned int>>> const&, __gnu_cxx::__normal_iterator<unsigned int*, std::vector<unsigned int, std::allocator<unsigned int>>> const&)",stl_iterator.h,0xf6fa
"std::__merge_sort_loop<unsigned int*, __gnu_cxx::__normal_iterator<unsigned int*, std::vector<unsigned int, std::allocator<unsigned int>>>, long, __gnu_cxx::__ops::_Iter_less_iter>",0.610138,0.0,0.0,0.0,0.0,0.0,0.0,0.0,0.0,0.0,0.0,0.0,0,0,0,0,0,0,0,0,7.000000,imm,"void std::__merge_sort_loop<unsigned int*, __gnu_cxx::__normal_iterator<unsigned int*, std::vector<unsigned int, std::allocator<unsigned int>>>, long, __gnu_cxx::__ops::_Iter_less_iter>(unsigned int*, unsigned int*, __gnu_cxx::__normal_iterator<unsigned int*, std::vector<unsigned int, std::allocator<unsigned int>>>, long, __gnu_cxx::__ops::_Iter_less_iter)",stl_algo.h,0xf874
"__gnu_cxx::__normal_iterator<unsigned int*, std::vector<unsigned int, std::allocator<unsigned int>>>::operator+",0.522976,-0.0,0.0,0.0,0.0,0.0,0.0,0.0,0.0,0.0,0.0,0.0,0,0,0,0,0,0,0,0,0.0,imm,"__gnu_cxx::__normal_iterator<unsigned int*, std::vector<unsigned int, std::allocator<unsigned int>>>::operator+(long) const",stl_iterator.h,0xf5e0
operator delete,0.522976,0.0,0.0,0.0,0.0,0.0,0.0,0.0,0.0,0.0,0.0,0.0,0,0,0,0,0,0,0,0,0.0,libstdc++.so.6.0.26,operator delete(void*),[Unknown],0xa3d60
__gnu_cxx::new_allocator<unsigned int>::deallocate,0.479395,0.0,0.0,100.0,0.0,0.0,0.0,0.0,0.0,0.0,0.0,0.0,280008400,0,0,0,0,0,0,0,0.0,imm,"__gnu_cxx::new_allocator<unsigned int>::deallocate(unsigned int*, unsigned long)",new_allocator.h,0x12ff0
"ripples::Graph<unsigned int, ripples::WeightedDestination<unsigned int, float>, ripples::ForwardDirection<unsigned int>>::Graph<std::basic_ifstream<char, std::char_traits<char>>>",0.348651,0.0,0.0,0.0,0.0,0.0,0.0,0.0,0.0,0.0,0.0,0.0,2520075600,280008400,0,0,0,0,0,0,0.0,imm,"ripples::Graph<unsigned int, ripples::WeightedDestination<unsigned int, float>, ripples::ForwardDirection<unsigned int>>::Graph<std::basic_ifstream<char, std::char_traits<char>>>(std::basic_ifstream<char, std::char_traits<char>>&)",graph.h,0x51680
_ZN7ripples9partitionIN9__gnu_cxx17__normal_iteratorIPSt6vectorIjSaIjEES3_IS5_SaIS5_EEEEZNS_28CPUFindMostInfluentialWorkerINS_5GraphIjNS_19WeightedDestinationIjfEENS_17BackwardDirectionIjEEEEE14UpdateCountersEjEUlRKS5_E_EET_SL_SL_T0_m._omp_fn.8,0.305069,0.0,0.0,0.0,0.0,0.0,0.0,0.0,0.0,0.0,0.0,0.0,0,0,0,0,0,0,0,0,0.0,imm,_ZN7ripples9partitionIN9__gnu_cxx17__normal_iteratorIPSt6vectorIjSaIjEES3_IS5_SaIS5_EEEEZNS_28CPUFindMostInfluentialWorkerINS_5GraphIjNS_19WeightedDestinationIjfEENS_17BackwardDirectionIjEEEEE14UpdateCountersEjEUlRKS5_E_EET_SL_SL_T0_m._omp_fn.8,partition.h,0x17240
"__gnu_cxx::__normal_iterator<unsigned int*, std::vector<unsigned int, std::allocator<unsigned int>>>::operator+",0.305069,-0.0,0.0,0.0,0.0,0.0,0.0,0.0,0.0,0.0,0.0,0.0,0,0,0,0,0,0,0,0,0.0,imm,"__gnu_cxx::__normal_iterator<unsigned int*, std::vector<unsigned int, std::allocator<unsigned int>>>::operator+(long) const",stl_iterator.h,0xf5e5
func@0x967a0,0.174325,-0.0,0.0,0.0,0.0,0.0,0.0,0.0,0.0,0.0,0.0,0.0,280008400,0,0,0,0,0,0,0,0.0,libstdc++.so.6.0.26,func@0x967a0,[Unknown],0x967a0
"__gnu_cxx::__normal_iterator<unsigned int*, std::vector<unsigned int, std::allocator<unsigned int>>>::operator+",0.130744,0.0,0.0,0.0,0.0,0.0,0.0,0.0,0.0,0.0,0.0,0.0,700021000,0,0,0,0,0,0,0,7.000000,imm,"__gnu_cxx::__normal_iterator<unsigned int*, std::vector<unsigned int, std::allocator<unsigned int>>>::operator+(long) const",stl_iterator.h,0xf725
"__gnu_cxx::__normal_iterator<unsigned int*, std::vector<unsigned int, std::allocator<unsigned int>>>::operator--",0.130744,0.0,0.0,0.0,0.0,0.0,0.0,0.0,0.0,0.0,0.0,0.0,0,0,0,0,0,0,0,0,0.0,imm,"__gnu_cxx::__normal_iterator<unsigned int*, std::vector<unsigned int, std::allocator<unsigned int>>>::operator--(void)",stl_iterator.h,0x123ac
"__gnu_cxx::__normal_iterator<unsigned int*, std::vector<unsigned int, std::allocator<unsigned int>>>::operator--",0.130744,0.0,0.0,0.0,0.0,0.0,0.0,0.0,0.0,0.0,0.0,0.0,0,0,0,0,0,0,0,0,0.0,imm,"__gnu_cxx::__normal_iterator<unsigned int*, std::vector<unsigned int, std::allocator<unsigned int>>>::operator--(void)",stl_iterator.h,0xf641
allocate_stack,0.130744,0.0,0.0,0.0,0.0,0.0,0.0,0.0,0.0,0.0,0.0,0.0,0,0,0,0,0,0,0,0,0.0,libpthread-2.29.so,allocate_stack,allocatestack.c,0x9555
func@0x95d60,0.130744,0.0,0.0,0.0,0.0,0.0,0.0,0.0,0.0,0.0,0.0,0.0,280008400,0,0,0,0,0,0,0,0.0,libstdc++.so.6.0.26,func@0x95d60,[Unknown],0x95d60
func@0xa470,0.130744,0.0,0.0,0.0,0.0,0.0,0.0,0.0,0.0,0.0,0.0,0.0,560016800,0,0,0,0,0,0,0,0.0,imm,func@0xa470,[Unknown],0xa470
"ripples::Graph<unsigned int, ripples::WeightedDestination<unsigned int, float>, ripples::ForwardDirection<unsigned int>>::get_transpose",0.130744,0.0,0.0,0.0,0.0,0.0,0.0,0.0,0.0,0.0,0.0,0.0,140004200,280008400,0,0,0,0,0,0,0.0,imm,"ripples::Graph<unsigned int, ripples::WeightedDestination<unsigned int, float>, ripples::ForwardDirection<unsigned int>>::get_transpose(void) const",graph.h,0x42040
"std::_Rb_tree<unsigned int, std::pair<unsigned int const, unsigned int>, std::_Select1st<std::pair<unsigned int const, unsigned int>>, std::less<unsigned int>, std::allocator<std::pair<unsigned int const, unsigned int>>>::_M_erase",0.130744,0.0,0.0,0.0,0.0,0.0,0.0,0.0,0.0,0.0,0.0,0.0,0,0,0,0,0,0,0,0,0.0,imm,"std::_Rb_tree<unsigned int, std::pair<unsigned int const, unsigned int>, std::_Select1st<std::pair<unsigned int const, unsigned int>>, std::less<unsigned int>, std::allocator<std::pair<unsigned int const, unsigned int>>>::_M_erase(std::_Rb_tree_node<std::pair<unsigned int const, unsigned int>>*)",stl_tree.h,0x36090
std::_Rb_tree_insert_and_rebalance,0.130744,,0.0,0.0,0.0,0.0,0.0,0.0,0.0,0.0,0.0,0.0,980029400,280008400,0,0,0,0,0,0,0.0,libstdc++.so.6.0.26,"std::_Rb_tree_insert_and_rebalance(bool, std::_Rb_tree_node_base*, std::_Rb_tree_node_base*, std::_Rb_tree_node_base&)",[Unknown],0xbced0
"std::deque<unsigned int, std::allocator<unsigned int>>::_M_reserve_map_at_back",0.130744,0.0,0.0,0.0,0.0,0.0,0.0,0.0,0.0,0.0,0.0,0.0,140004200,0,0,0,0,0,0,0,0.0,imm,"std::deque<unsigned int, std::allocator<unsigned int>>::_M_reserve_map_at_back(unsigned long)",stl_deque.h,0x44e94
"std::vector<bool, std::allocator<bool>>::operator[]",0.130744,0.0,0.0,0.0,0.0,0.0,0.0,0.0,0.0,0.0,0.0,0.0,0,0,0,0,0,0,0,0,0.0,imm,"std::vector<bool, std::allocator<bool>>::operator[](unsigned long)",stl_bvector.h,0x12d44
tcache_put,0.130744,-0.0,0.0,100.0,0.0,0.0,0.0,0.0,0.0,0.0,0.0,0.0,0,0,0,0,0,0,0,0,0.0,libc-2.29.so,tcache_put,malloc.c,0x95390
__gnu_cxx::new_allocator<unsigned int>::allocate,0.087163,0.0,0.0,0.0,0.0,0.0,0.0,0.0,0.0,0.0,0.0,0.0,0,0,0,0,0,0,0,0,0.0,imm,"__gnu_cxx::new_allocator<unsigned int>::allocate(unsigned long, void const*)",new_allocator.h,0x303b8
__gnu_cxx::new_allocator<unsigned int>::allocate,0.087163,0.0,0.0,0.0,0.0,0.0,0.0,0.0,0.0,0.0,0.0,0.0,0,140004200,0,0,0,0,0,0,0.0,imm,"__gnu_cxx::new_allocator<unsigned int>::allocate(unsigned long, void const*)",new_allocator.h,0x44eb5
clone,0.087163,0.0,0.0,0.0,0.0,0.0,0.0,0.0,0.0,0.0,0.0,0.0,0,0,0,0,0,0,0,0,0.0,libc-2.29.so,clone,clone.S,0x11dae0
func@0x1d7d0,0.087163,0.0,0.0,0.0,0.0,0.0,0.0,0.0,0.0,0.0,0.0,0.0,0,0,0,0,0,0,0,0,0.0,libgomp.so.1.0.0,func@0x1d7d0,[Unknown],0x1d7d0
heap_trim,0.087163,0.0,0.0,0.0,0.0,0.0,0.0,0.0,0.0,0.0,0.0,0.0,0,0,0,0,0,0,0,0,0.0,libc-2.29.so,heap_trim,arena.c,0x95748
"ripples::Graph<unsigned int, ripples::WeightedDestination<unsigned int, float>, ripples::ForwardDirection<unsigned int>>::get_transpose._omp_fn.5",0.087163,0.0,0.0,0.0,0.0,0.0,0.0,0.0,0.0,0.0,0.0,0.0,0,0,0,0,0,0,0,0,0.0,imm,"ripples::Graph<unsigned int, ripples::WeightedDestination<unsigned int, float>, ripples::ForwardDirection<unsigned int>>::get_transpose const._omp_fn.5",graph.h,0x15990
start_thread,0.087163,0.0,0.0,0.0,0.0,0.0,0.0,0.0,0.0,0.0,0.0,0.0,0,0,0,0,0,0,0,0,0.0,libpthread-2.29.so,start_thread,pthread_create.c,0x90a0
"std::_Deque_iterator<unsigned int, unsigned int&, unsigned int*>::_M_set_node",0.087163,0.0,0.0,0.0,0.0,0.0,0.0,0.0,0.0,0.0,0.0,0.0,0,0,0,0,0,0,0,0,0.0,imm,"std::_Deque_iterator<unsigned int, unsigned int&, unsigned int*>::_M_set_node(unsigned int**)",stl_deque.h,0x44ed5
"std::__merge_sort_with_buffer<__gnu_cxx::__normal_iterator<unsigned int*, std::vector<unsigned int, std::allocator<unsigned int>>>, unsigned int*, __gnu_cxx::__ops::_Iter_less_iter>",0.087163,0.0,0.0,0.0,0.0,0.0,0.0,0.0,0.0,0.0,0.0,0.0,0,0,0,0,0,0,0,0,0.0,imm,"void std::__merge_sort_with_buffer<__gnu_cxx::__normal_iterator<unsigned int*, std::vector<unsigned int, std::allocator<unsigned int>>>, unsigned int*, __gnu_cxx::__ops::_Iter_less_iter>(__gnu_cxx::__normal_iterator<unsigned int*, std::vector<unsigned int, std::allocator<unsigned int>>>, __gnu_cxx::__normal_iterator<unsigned int*, std::vector<unsigned int, std::allocator<unsigned int>>>, unsigned int*, __gnu_cxx::__ops::_Iter_less_iter)",stl_algo.h,0xf590
"std::pair<unsigned int, unsigned long>::operator=",0.087163,,0.0,0.0,0.0,0.0,0.0,0.0,0.0,0.0,0.0,0.0,0,0,0,0,0,0,0,0,0.0,imm,"std::pair<unsigned int, unsigned long>::operator=(std::pair<unsigned int, unsigned long>&&)",stl_pair.h,0xed10
tcache_init,0.087163,0.0,0.0,0.0,0.0,0.0,0.0,0.0,0.0,0.0,0.0,0.0,0,0,0,0,0,0,0,0,0.0,libc-2.29.so,tcache_init,malloc.c,0x97ed0
_GLOBAL__sub_I_yarn3s.cc,0.043581,,0.0,0.0,0.0,0.0,0.0,0.0,0.0,0.0,0.0,0.0,0,0,0,0,0,0,0,0,0.0,libtrng4.so.21.0.0,_GLOBAL__sub_I_yarn3s.cc,[Unknown],0x6990
__GI,0.043581,0.0,0.0,0.0,0.0,0.0,0.0,0.0,0.0,0.0,0.0,0.0,0,0,0,0,0,0,0,0,0.0,ld-2.29.so,"double __GI(double, long)",dl-tls.c,0x13750
__GI___ctype_init,0.043581,0.0,0.0,0.0,0.0,0.0,0.0,0.0,0.0,0.0,0.0,0.0,0,0,0,0,0,0,0,0,0.0,libc-2.29.so,__GI___ctype_init,ctype-info.c,0x354f0
__GI___mmap64,0.043581,0.0,0.0,0.0,0.0,0.0,0.0,0.0,0.0,0.0,0.0,0.0,0,0,0,0,0,0,0,0,0.0,libc-2.29.so,__GI___mmap64,mmap64.c,0x117480
__deallocate_stack,0.043581,0.0,0.0,0.0,0.0,0.0,0.0,0.0,0.0,0.0,0.0,0.0,0,0,0,0,0,0,0,0,0.0,libpthread-2.29.so,__deallocate_stack,allocatestack.c,0x8f78
"__gnu_cxx::__normal_iterator<unsigned int*, std::vector<unsigned int, std::allocator<unsigned int>>>::operator+",0.043581,0.0,0.0,0.0,0.0,0.0,0.0,0.0,0.0,0.0,0.0,0.0,0,0,0,0,0,0,0,0,0.0,imm,"__gnu_cxx::__normal_iterator<unsigned int*, std::vector<unsigned int, std::allocator<unsigned int>>>::operator+(long) const",stl_iterator.h,0xf810
"__gnu_cxx::__ops::_Iter_comp_iter<ripples::CompareHeap<ripples::Graph<unsigned int, ripples::WeightedDestination<unsigned int, float>, ripples::BackwardDirection<unsigned int>>>>::operator()<__gnu_cxx::__normal_iterator<std::pair<unsigned int, unsigned long>*, std::vector<std::pair<unsigned int, unsigned long>, std::allocator<std::pair<unsigned int, unsigned long>>>>, __gnu_cxx::__normal_iterator<std::pair<unsigned int, unsigned long>*, std::vector<std::pair<unsigned int, unsigned long>, std::allocator<std::pair<unsigned int, unsigned long>>>>>",0.043581,0.0,0.0,0.0,0.0,0.0,0.0,0.0,0.0,0.0,0.0,0.0,0,0,0,0,0,0,0,0,0.0,imm,"bool __gnu_cxx::__ops::_Iter_comp_iter<ripples::CompareHeap<ripples::Graph<unsigned int, ripples::WeightedDestination<unsigned int, float>, ripples::BackwardDirection<unsigned int>>>>::operator()<__gnu_cxx::__normal_iterator<std::pair<unsigned int, unsigned long>*, std::vector<std::pair<unsigned int, unsigned long>, std::allocator<std::pair<unsigned int, unsigned long>>>>, __gnu_cxx::__normal_iterator<std::pair<unsigned int, unsigned long>*, std::vector<std::pair<unsigned int, unsigned long>, std::allocator<std::pair<unsigned int, unsigned long>>>>>(__gnu_cxx::__normal_iterator<std::pair<unsigned int, unsigned long>*, std::vector<std::pair<unsigned int, unsigned long>, std::allocator<std::pair<unsigned int, unsigned long>>>>, __gnu_cxx::__normal_iterator<std::pair<unsigned int, unsigned long>*, std::vector<std::pair<unsigned int, unsigned long>, std::allocator<std::pair<unsigned int, unsigned long>>>>)",predefined_ops.h,0xed3f
"__gnu_cxx::new_allocator<unsigned int>::construct<unsigned int, unsigned int const&>",0.043581,0.0,0.0,0.0,0.0,0.0,0.0,0.0,0.0,0.0,0.0,0.0,0,0,0,0,0,0,0,0,0.0,imm,"void __gnu_cxx::new_allocator<unsigned int>::construct<unsigned int, unsigned int const&>(unsigned int*, unsigned int const&&&)",new_allocator.h,0x44ec7
__gnu_cxx::new_allocator<unsigned int>::deallocate,0.043581,0.0,0.0,0.0,0.0,0.0,0.0,0.0,0.0,0.0,0.0,0.0,0,0,0,0,0,0,0,0,0.0,imm,"__gnu_cxx::new_allocator<unsigned int>::deallocate(unsigned int*, unsigned long)",new_allocator.h,0x30458
__libc_thread_freeres,0.043581,0.0,0.0,0.0,0.0,0.0,0.0,0.0,0.0,0.0,0.0,0.0,0,0,0,0,0,0,0,0,0.0,libc-2.29.so,__libc_thread_freeres,thread-freeres.c,0x9cd00
__madvise,0.043581,0.0,0.0,0.0,0.0,0.0,0.0,0.0,0.0,0.0,0.0,0.0,0,0,0,0,0,0,0,0,0.0,libc-2.29.so,__madvise,syscall-template.S,0x117660
__res_thread_freeres,0.043581,0.0,0.0,0.0,0.0,0.0,0.0,0.0,0.0,0.0,0.0,0.0,0,0,0,0,0,0,0,0,0.0,libc-2.29.so,__res_thread_freeres,res-close.c,0x140150
advise_stack_range,0.043581,0.0,0.0,0.0,0.0,0.0,0.0,0.0,0.0,0.0,0.0,0.0,0,0,0,0,0,0,0,0,0.0,libpthread-2.29.so,advise_stack_range,allocatestack.c,0x91da
alloc_perturb,0.043581,0.0,0.0,0.0,0.0,0.0,0.0,0.0,0.0,0.0,0.0,0.0,140004200,0,0,0,0,0,0,0,0.0,libc-2.29.so,alloc_perturb,malloc.c,0x970f1
arena_get2,0.043581,0.0,0.0,0.0,0.0,0.0,0.0,0.0,0.0,0.0,0.0,0.0,0,0,0,0,0,0,0,0,0.0,libc-2.29.so,arena_get2,arena.c,0x941b0
free_perturb,0.043581,0.0,0.0,0.0,0.0,0.0,0.0,100.0,0.0,0.0,0.0,0.0,0,0,0,0,0,0,0,0,0.0,libc-2.29.so,free_perturb,malloc.c,0x95291
free_stacks,0.043581,0.0,0.0,0.0,0.0,0.0,0.0,0.0,0.0,0.0,0.0,0.0,0,0,0,0,0,0,0,0,0.0,libpthread-2.29.so,free_stacks,allocatestack.c,0x75b0
func@0x1adb0,0.043581,0.0,0.0,0.0,0.0,0.0,0.0,0.0,0.0,0.0,0.0,0.0,0,0,0,0,0,0,0,0,0.0,libgomp.so.1.0.0,func@0x1adb0,[Unknown],0x1adb0
func@0x1da00,0.043581,0.0,0.0,0.0,0.0,0.0,0.0,0.0,0.0,0.0,0.0,0.0,0,0,0,0,0,0,0,0,0.0,libgomp.so.1.0.0,func@0x1da00,[Unknown],0x1da00
func@0x72d0,0.043581,0.0,0.0,0.0,0.0,0.0,0.0,0.0,0.0,0.0,0.0,0.0,0,0,0,0,0,0,0,0,0.0,libpthread-2.29.so,func@0x72d0,[Unknown],0x72d0
func@0xa460,0.043581,0.0,0.0,0.0,0.0,0.0,0.0,0.0,0.0,0.0,0.0,0.0,0,0,0,0,0,0,0,0,0.0,imm,func@0xa460,[Unknown],0xa460
get_cached_stack,0.043581,0.0,0.0,0.0,0.0,0.0,0.0,0.0,0.0,0.0,0.0,0.0,0,0,0,0,0,0,0,0,0.0,libpthread-2.29.so,get_cached_stack,allocatestack.c,0x9640
get_max_fast,0.043581,0.0,0.0,0.0,0.0,0.0,0.0,0.0,0.0,0.0,0.0,0.0,0,0,0,0,0,0,0,0,0.0,libc-2.29.so,get_max_fast,malloc.c,0x9670a
"ripples::CPUWalkWorker<ripples::Graph<unsigned int, ripples::WeightedDestination<unsigned int, float>, ripples::BackwardDirection<unsigned int>>, trng::lcg64, __gnu_cxx::__normal_iterator<std::vector<unsigned int, std::allocator<unsigned int>>*, std::vector<std::vector<unsigned int, std::allocator<unsigned int>>, std::allocator<std::vector<unsigned int, std::allocator<unsigned int>>>>>, ripples::independent_cascade_tag>::batch",0.043581,0.0,0.0,0.0,0.0,0.0,0.0,0.0,0.0,0.0,0.0,0.0,0,0,0,0,0,0,0,0,0.0,imm,"ripples::CPUWalkWorker<ripples::Graph<unsigned int, ripples::WeightedDestination<unsigned int, float>, ripples::BackwardDirection<unsigned int>>, trng::lcg64, __gnu_cxx::__normal_iterator<std::vector<unsigned int, std::allocator<unsigned int>>*, std::vector<std::vector<unsigned int, std::allocator<unsigned int>>, std::allocator<std::vector<unsigned int, std::allocator<unsigned int>>>>>, ripples::independent_cascade_tag>::batch(__gnu_cxx::__normal_iterator<std::vector<unsigned int, std::allocator<unsigned int>>*, std::vector<std::vector<unsigned int, std::allocator<unsigned int>>, std::allocator<std::vector<unsigned int, std::allocator<unsigned int>>>>>, __gnu_cxx::__normal_iterator<std::vector<unsigned int, std::allocator<unsigned int>>*, std::vector<std::vector<unsigned int, std::allocator<unsigned int>>, std::allocator<std::vector<unsigned int, std::allocator<unsigned int>>>>>)",streaming_rrr_generator.h,0x535e2
"ripples::Graph<unsigned int, ripples::WeightedDestination<unsigned int, float>, ripples::ForwardDirection<unsigned int>>::load_binary<std::basic_ifstream<char, std::char_traits<char>>>._omp_fn.3",0.043581,0.0,0.0,0.0,0.0,0.0,0.0,0.0,0.0,0.0,0.0,0.0,0,0,0,0,0,0,0,0,0.0,imm,"ripples::Graph<unsigned int, ripples::WeightedDestination<unsigned int, float>, ripples::ForwardDirection<unsigned int>>::load_binary<std::basic_ifstream<char, std::char_traits<char>>>._omp_fn.3",graph.h,0x15870
"ripples::InitHeapStorage<__gnu_cxx::__normal_iterator<unsigned int*, std::vector<unsigned int, std::allocator<unsigned int>>>, __gnu_cxx::__normal_iterator<std::pair<unsigned int, unsigned long>*, std::vector<std::pair<unsigned int, unsigned long>, std::allocator<std::pair<unsigned int, unsigned long>>>>>._omp_fn.13",0.043581,,0.0,0.0,0.0,0.0,0.0,0.0,0.0,0.0,0.0,0.0,0,0,0,0,0,0,0,0,0.0,imm,"ripples::InitHeapStorage<__gnu_cxx::__normal_iterator<unsigned int*, std::vector<unsigned int, std::allocator<unsigned int>>>, __gnu_cxx::__normal_iterator<std::pair<unsigned int, unsigned long>*, std::vector<std::pair<unsigned int, unsigned long>, std::allocator<std::pair<unsigned int, unsigned long>>>>>._omp_fn.13",counting.h,0xd770
"ripples::UpdateCounters<__gnu_cxx::__normal_iterator<std::vector<unsigned int, std::allocator<unsigned int>>*, std::vector<std::vector<unsigned int, std::allocator<unsigned int>>, std::allocator<std::vector<unsigned int, std::allocator<unsigned int>>>>>, std::vector<unsigned int, std::allocator<unsigned int>>>._omp_fn.11",0.043581,0.0,0.0,0.0,0.0,0.0,0.0,0.0,0.0,0.0,0.0,0.0,0,0,0,0,0,0,0,0,0.0,imm,"ripples::UpdateCounters<__gnu_cxx::__normal_iterator<std::vector<unsigned int, std::allocator<unsigned int>>*, std::vector<std::vector<unsigned int, std::allocator<unsigned int>>, std::allocator<std::vector<unsigned int, std::allocator<unsigned int>>>>>, std::vector<unsigned int, std::allocator<unsigned int>>>._omp_fn.11",counting.h,0x15af0
"std::_Rb_tree<unsigned int, std::pair<unsigned int const, unsigned int>, std::_Select1st<std::pair<unsigned int const, unsigned int>>, std::less<unsigned int>, std::allocator<std::pair<unsigned int const, unsigned int>>>::_M_copy<std::_Rb_tree<unsigned int, std::pair<unsigned int const, unsigned int>, std::_Select1st<std::pair<unsigned int const, unsigned int>>, std::less<unsigned int>, std::allocator<std::pair<unsigned int const, unsigned int>>>::_Reuse_or_alloc_node>",0.043581,0.0,0.0,0.0,0.0,0.0,0.0,0.0,0.0,0.0,0.0,0.0,0,0,0,0,0,0,0,0,0.0,imm,"std::_Rb_tree_node<std::pair<unsigned int const, unsigned int>>* std::_Rb_tree<unsigned int, std::pair<unsigned int const, unsigned int>, std::_Select1st<std::pair<unsigned int const, unsigned int>>, std::less<unsigned int>, std::allocator<std::pair<unsigned int const, unsigned int>>>::_M_copy<std::_Rb_tree<unsigned int, std::pair<unsigned int const, unsigned int>, std::_Select1st<std::pair<unsigned int const, unsigned int>>, std::less<unsigned int>, std::allocator<std::pair<unsigned int const, unsigned int>>>::_Reuse_or_alloc_node>(std::_Rb_tree_node<std::pair<unsigned int const, unsigned int>> const*, std::_Rb_tree_node_base*, std::_Rb_tree<unsigned int, std::pair<unsigned int const, unsigned int>, std::_Select1st<std::pair<unsigned int const, unsigned int>>, std::less<unsigned int>, std::allocator<std::pair<unsigned int const, unsigned int>>>::_Reuse_or_alloc_node&)",stl_tree.h,0x41c50
"std::__copy_move<(bool)1, (bool)1, std::random_access_iterator_tag>::__copy_m<unsigned int>",0.043581,0.0,0.0,0.0,0.0,0.0,0.0,0.0,0.0,0.0,0.0,0.0,0,0,0,0,0,0,0,0,0.0,imm,"unsigned int* std::__copy_move<(bool)1, (bool)1, std::random_access_iterator_tag>::__copy_m<unsigned int>(unsigned int const*, unsigned int const*, unsigned int*)",stl_algobase.h,0x30414
"std::pair<unsigned int, unsigned long>::operator=",0.043581,0.0,0.0,0.0,0.0,0.0,0.0,0.0,0.0,0.0,0.0,0.0,0,0,0,0,0,0,0,0,0.0,imm,"std::pair<unsigned int, unsigned long>::operator=(std::pair<unsigned int, unsigned long>&&)",stl_pair.h,0x110a1
[Unknown stack frame(s)],0.0,0.0,0.0,0.0,0.0,0.0,0.0,0.0,0.0,0.0,0.0,0.0,4200126000,700021000,0,0,0,0,0,0,0.0,[Unknown],[Unknown stack frame(s)],[Unknown],0x0
_ZNSt4pairIKjjEC4IJRS0_EJLm0EEJEJEEERSt5tupleIJDpT_EERS4_IJDpT1_EESt12_Index_tupleIJXspT0_EEESD_IJXspT2_EEE,0.0,,0.0,0.0,0.0,0.0,0.0,0.0,0.0,0.0,0.0,0.0,0,140004200,0,0,0,0,0,0,0.0,imm,_ZNSt4pairIKjjEC4IJRS0_EJLm0EEJEJEEERSt5tupleIJDpT_EERS4_IJDpT1_EESt12_Index_tupleIJXspT0_EEESD_IJXspT2_EEE,tuple,0x12168
"__gnu_cxx::__normal_iterator<unsigned int*, std::vector<unsigned int, std::allocator<unsigned int>>>::__normal_iterator",0.0,0.0,0.0,0.0,0.0,0.0,0.0,0.0,0.0,0.0,0.0,0.0,140004200,0,0,0,0,0,0,0,7.000000,imm,"__gnu_cxx::__normal_iterator<unsigned int*, std::vector<unsigned int, std::allocator<unsigned int>>>::__normal_iterator(unsigned int* const&)",stl_iterator.h,0xf969
alloc_perturb,0.0,0.0,0.0,0.0,0.0,0.0,0.0,0.0,0.0,0.0,0.0,0.0,140004200,0,0,0,0,0,0,0,0.0,libc-2.29.so,alloc_perturb,malloc.c,0x97776
func@0xa0a0,0.0,0.0,0.0,0.0,0.0,0.0,0.0,0.0,0.0,0.0,0.0,0.0,140004200,0,0,0,0,0,0,0,0.0,imm,func@0xa0a0,[Unknown],0xa0a0
"ripples::Graph<unsigned int, ripples::WeightedDestination<unsigned int, float>, ripples::ForwardDirection<unsigned int>>::get_transpose(void) const::{lambda(ripples::WeightedDestination<unsigned int, float> const&)#1}::operator()",0.0,0.0,0.0,0.0,0.0,0.0,0.0,0.0,0.0,0.0,0.0,0.0,140004200,140004200,0,0,0,0,0,0,0.0,imm,"ripples::Graph<unsigned int, ripples::WeightedDestination<unsigned int, float>, ripples::ForwardDirection<unsigned int>>::get_transpose(void) const::{lambda(ripples::WeightedDestination<unsigned int, float> const&)#1}::operator()(ripples::WeightedDestination<unsigned int, float> const&) const",graph.h,0x4219e
"ripples::Graph<unsigned int, ripples::WeightedDestination<unsigned int, float>, ripples::ForwardDirection<unsigned int>>::load_binary<std::basic_ifstream<char, std::char_traits<char>>>(std::basic_ifstream<char, std::char_traits<char>>&)::{lambda(ripples::WeightedDestination<unsigned int, float>*)#1}::operator()",0.0,0.0,0.0,0.0,0.0,0.0,0.0,0.0,0.0,0.0,0.0,0.0,140004200,0,0,0,0,0,0,0,0.0,imm,"ripples::Graph<unsigned int, ripples::WeightedDestination<unsigned int, float>, ripples::ForwardDirection<unsigned int>>::load_binary<std::basic_ifstream<char, std::char_traits<char>>>(std::basic_ifstream<char, std::char_traits<char>>&)::{lambda(ripples::WeightedDestination<unsigned int, float>*)#1}::operator()(ripples::WeightedDestination<unsigned int, float>*) const",graph.h,0x51910
"ripples::Graph<unsigned int, ripples::WeightedDestination<unsigned int, float>, ripples::ForwardDirection<unsigned int>>::neighbors",0.0,0.0,0.0,0.0,0.0,0.0,0.0,0.0,0.0,0.0,0.0,0.0,140004200,0,0,0,0,0,0,0,0.0,imm,"ripples::Graph<unsigned int, ripples::WeightedDestination<unsigned int, float>, ripples::ForwardDirection<unsigned int>>::neighbors(unsigned int) const",graph.h,0x42258
"ripples::WeightedDestination<unsigned int, float>::WeightedDestination",0.0,0.0,0.0,0.0,0.0,0.0,0.0,0.0,0.0,0.0,0.0,0.0,0,140004200,0,0,0,0,0,0,0.0,imm,"ripples::WeightedDestination<unsigned int, float>::WeightedDestination(unsigned int, float)",graph.h,0x51818
"ripples::WeightedDestination<unsigned int, float>::WeightedDestination",0.0,0.0,0.0,0.0,0.0,0.0,0.0,0.0,0.0,0.0,0.0,0.0,0,140004200,0,0,0,0,0,0,0.0,imm,"ripples::WeightedDestination<unsigned int, float>::WeightedDestination(unsigned int, float)",graph.h,0x42130
"ripples::sequence_of<ripples::WeightedDestination<unsigned int, float>>::load<ripples::WeightedDestination<unsigned int, float>*, ripples::WeightedDestination<unsigned int, float>*>(ripples::WeightedDestination<unsigned int, float>*, ripples::WeightedDestination<unsigned int, float>*, ripples::WeightedDestination<unsigned int, float>*)::{lambda(ripples::WeightedDestination<unsigned int, float> const&)#1}::operator()",0.0,0.0,0.0,0.0,0.0,0.0,0.0,0.0,0.0,0.0,0.0,0.0,140004200,0,0,0,0,0,0,0,0.0,imm,"ripples::sequence_of<ripples::WeightedDestination<unsigned int, float>>::load<ripples::WeightedDestination<unsigned int, float>*, ripples::WeightedDestination<unsigned int, float>*>(ripples::WeightedDestination<unsigned int, float>*, ripples::WeightedDestination<unsigned int, float>*, ripples::WeightedDestination<unsigned int, float>*)::{lambda(ripples::WeightedDestination<unsigned int, float> const&)#1}::operator()(ripples::WeightedDestination<unsigned int, float> const&) const",utility.h,0x51978
"std::_Rb_tree<unsigned int, std::pair<unsigned int const, unsigned int>, std::_Select1st<std::pair<unsigned int const, unsigned int>>, std::less<unsigned int>, std::allocator<std::pair<unsigned int const, unsigned int>>>::_M_get_insert_hint_unique_pos",0.0,,0.0,0.0,0.0,0.0,0.0,0.0,0.0,0.0,0.0,0.0,280008400,0,0,0,0,0,0,0,0.0,imm,"std::_Rb_tree<unsigned int, std::pair<unsigned int const, unsigned int>, std::_Select1st<std::pair<unsigned int const, unsigned int>>, std::less<unsigned int>, std::allocator<std::pair<unsigned int const, unsigned int>>>::_M_get_insert_hint_unique_pos(std::_Rb_tree_const_iterator<std::pair<unsigned int const, unsigned int>>, unsigned int const&)",stl_tree.h,0x12150
"std::__copy_move<(bool)1, (bool)1, std::random_access_iterator_tag>::__copy_m<unsigned int>",0.0,0.0,0.0,0.0,0.0,0.0,0.0,0.0,0.0,0.0,0.0,0.0,0,140004200,0,0,0,0,0,0,0.0,imm,"unsigned int* std::__copy_move<(bool)1, (bool)1, std::random_access_iterator_tag>::__copy_m<unsigned int>(unsigned int const*, unsigned int const*, unsigned int*)",stl_algobase.h,0xf8a0
"std::transform<ripples::WeightedDestination<unsigned int, float>*, ripples::WeightedDestination<unsigned int, float>*, ripples::sequence_of<ripples::WeightedDestination<unsigned int, float>>::load<ripples::WeightedDestination<unsigned int, float>*, ripples::WeightedDestination<unsigned int, float>*>(void, ripples::WeightedDestination<unsigned int, float>*, ripples::WeightedDestination<unsigned int, float>*, ripples::WeightedDestination<unsigned int, float>*)::{lambda(ripples::WeightedDestination<unsigned int, float> const&)#1}>",0.0,0.0,0.0,0.0,0.0,0.0,0.0,0.0,0.0,0.0,0.0,0.0,0,140004200,0,0,0,0,0,0,0.0,imm,"ripples::WeightedDestination<unsigned int, float>* std::transform<ripples::WeightedDestination<unsigned int, float>*, ripples::WeightedDestination<unsigned int, float>*, ripples::sequence_of<ripples::WeightedDestination<unsigned int, float>>::load<ripples::WeightedDestination<unsigned int, float>*, ripples::WeightedDestination<unsigned int, float>*>(void, ripples::WeightedDestination<unsigned int, float>*, ripples::WeightedDestination<unsigned int, float>*, ripples::WeightedDestination<unsigned int, float>*)::{lambda(ripples::WeightedDestination<unsigned int, float> const&)#1}>(ripples::WeightedDestination<unsigned int, float>*, ripples::WeightedDestination<unsigned int, float>*, ripples::WeightedDestination<unsigned int, float>*, ripples::sequence_of<ripples::WeightedDestination<unsigned int, float>>::load<ripples::WeightedDestination<unsigned int, float>*, ripples::WeightedDestination<unsigned int, float>*>(void, ripples::WeightedDestination<unsigned int, float>*, ripples::WeightedDestination<unsigned int, float>*, ripples::WeightedDestination<unsigned int, float>*)::{lambda(ripples::WeightedDestination<unsigned int, float> const&)#1})",stl_algo.h,0x51970
sysmalloc,0.0,0.0,0.0,0.0,0.0,0.0,0.0,0.0,0.0,0.0,0.0,0.0,0,140004200,0,0,0,0,0,0,0.0,libc-2.29.so,sysmalloc,malloc.c,0x95d90
