Function,CPU Time,Memory Bound(%),Memory Bound:L1 Bound(%),Memory Bound:L2 Bound(%),Memory Bound:L3 Bound(%),Memory Bound:DRAM Bound(%),Memory Bound:DRAM Bound:Memory Bandwidth(%),Memory Bound:DRAM Bound:Memory Latency(%),Memory Bound:DRAM Bound:Memory Latency:NUMA: % of Remote Accesses(%),Memory Bound:DRAM Bound:Memory Latency:Local DRAM(%),Memory Bound:DRAM Bound:Memory Latency:Remote DRAM(%),Memory Bound:DRAM Bound:Memory Latency:Remote Cache(%),Memory Bound:Persistent Memory Bound(%),Memory Bound:Persistent Memory Bound:Local Persistent Memory(%),Memory Bound:Persistent Memory Bound:Remote Persistent Memory(%),Loads,Stores,LLC Miss Count,LLC Miss Count:Local DRAM Access Count,LLC Miss Count:Remote DRAM Access Count,LLC Miss Count:Local Persistent Memory Access Count,LLC Miss Count:Remote Persistent Memory Access Count,LLC Miss Count:Remote Cache Access Count,Average Latency (cycles),Module,Function (Full),Source File,Start Address
"ripples::AddRRRSet<ripples::Graph<unsigned int, ripples::WeightedDestination<unsigned int, float>, ripples::BackwardDirection<unsigned int>>, trng::lcg64, ripples::independent_cascade_tag>",511.858533,36.6,5.6,8.5,14.3,6.1,11.0,51.0,0.0,0.0,0.0,0.0,0.0,0.0,0.0,566456993200,187605628000,0,0,0,0,0,0,12.185404,imm,"void ripples::AddRRRSet<ripples::Graph<unsigned int, ripples::WeightedDestination<unsigned int, float>, ripples::BackwardDirection<unsigned int>>, trng::lcg64, ripples::independent_cascade_tag>(ripples::Graph<unsigned int, ripples::WeightedDestination<unsigned int, float>, ripples::BackwardDirection<unsigned int>> const&, ripples::Graph<unsigned int, ripples::WeightedDestination<unsigned int, float>, ripples::BackwardDirection<unsigned int>>::vertex_type, trng::lcg64&, std::vector<ripples::Graph<unsigned int, ripples::WeightedDestination<unsigned int, float>, ripples::BackwardDirection<unsigned int>>::vertex_type, std::allocator<ripples::Graph<unsigned int, ripples::WeightedDestination<unsigned int, float>, ripples::BackwardDirection<unsigned int>>::vertex_type>>&, ripples::independent_cascade_tag&&)",stl_bvector.h,0xaeca
func@0x1d6d0,264.231442,20.6,11.9,0.0,0.0,0.0,0.0,2.8,0.0,0.0,0.0,0.0,0.0,0.0,0.0,4760142800,0,0,0,0,0,0,0,7.000000,libgomp.so.1.0.0,func@0x1d6d0,[Unknown],0x1d6d0
[vmlinux],160.770211,84.7,15.3,1.1,13.1,8.7,6.0,10.9,0.0,0.0,0.0,0.0,0.0,0.0,0.0,27580827400,13580407400,0,0,0,0,0,0,12.500000,vmlinux,[vmlinux],[Unknown],0x0
"std::__move_merge<unsigned int*, __gnu_cxx::__normal_iterator<unsigned int*, std::vector<unsigned int, std::allocator<unsigned int>>>, __gnu_cxx::__ops::_Iter_less_iter>",156.935085,9.5,7.4,0.0,0.0,0.0,0.0,0.5,0.0,0.0,0.0,0.0,0.0,0.0,0.0,102623078600,52921587600,0,0,0,0,0,0,7.208333,imm,"__gnu_cxx::__normal_iterator<unsigned int*, std::vector<unsigned int, std::allocator<unsigned int>>> std::__move_merge<unsigned int*, __gnu_cxx::__normal_iterator<unsigned int*, std::vector<unsigned int, std::allocator<unsigned int>>>, __gnu_cxx::__ops::_Iter_less_iter>(unsigned int*, unsigned int*, unsigned int*, unsigned int*, __gnu_cxx::__normal_iterator<unsigned int*, std::vector<unsigned int, std::allocator<unsigned int>>>, __gnu_cxx::__ops::_Iter_less_iter)",stl_algo.h,0xf8e7
"std::vector<unsigned int, std::allocator<unsigned int>>::push_back",130.263530,5.0,14.9,1.9,9.7,1.9,13.0,45.5,0.0,0.0,0.0,0.0,0.0,0.0,0.0,7140214200,3500105000,0,0,0,0,0,0,7.093750,imm,"std::vector<unsigned int, std::allocator<unsigned int>>::push_back(unsigned int const&)",stl_vector.h,0x12d8b
trng::lcg64::step,125.164556,36.1,0.0,17.3,0.7,29.3,8.0,64.6,0.0,0.0,0.0,0.0,0.0,0.0,0.0,63841915200,34021020600,0,0,0,0,0,0,7.037037,imm,trng::lcg64::step(void),lcg64.hpp,0x12e03
"ripples::Graph<unsigned int, ripples::WeightedDestination<unsigned int, float>, ripples::BackwardDirection<unsigned int>>::neighbors",92.696731,51.5,1.7,6.1,27.8,18.2,4.3,64.2,0.0,0.0,0.0,0.0,0.0,0.0,0.0,35701071000,0,0,0,0,0,0,0,115.555556,imm,"ripples::Graph<unsigned int, ripples::WeightedDestination<unsigned int, float>, ripples::BackwardDirection<unsigned int>>::neighbors(unsigned int) const",graph.h,0x12dc3
func@0x1d860,68.988681,43.4,15.6,3.1,0.0,0.0,0.0,15.6,0.0,0.0,0.0,0.0,0.0,0.0,0.0,1680050400,0,0,0,0,0,0,0,7.000000,libgomp.so.1.0.0,func@0x1d860,[Unknown],0x1d860
"__gnu_cxx::__normal_iterator<unsigned int*, std::vector<unsigned int, std::allocator<unsigned int>>>::operator++",68.117062,8.7,6.0,0.0,0.0,0.0,0.0,0.0,0.0,0.0,0.0,0.0,0.0,0.0,0.0,0,25480764400,0,0,0,0,0,0,0.0,imm,"__gnu_cxx::__normal_iterator<unsigned int*, std::vector<unsigned int, std::allocator<unsigned int>>>::operator++(void)",stl_iterator.h,0xf768
"__gnu_cxx::__normal_iterator<unsigned int*, std::vector<unsigned int, std::allocator<unsigned int>>>::operator++",52.515073,22.0,15.3,0.0,0.0,0.0,0.0,0.0,0.0,0.0,0.0,0.0,0.0,0.0,0.0,0,31360940800,0,0,0,0,0,0,0.0,imm,"__gnu_cxx::__normal_iterator<unsigned int*, std::vector<unsigned int, std::allocator<unsigned int>>>::operator++(void)",stl_iterator.h,0xf785
__memmove_avx_unaligned_erms,48.810690,81.5,24.3,0.0,16.2,24.3,21.1,32.4,0.0,0.0,0.0,0.0,0.0,0.0,0.0,3920117600,2380071400,0,0,0,0,0,0,7.000000,libc-2.29.so,__memmove_avx_unaligned_erms,memmove-vec-unaligned-erms.S,0x189080
"ripples::CountOccurrencies<__gnu_cxx::__normal_iterator<std::vector<unsigned int, std::allocator<unsigned int>>*, std::vector<std::vector<unsigned int, std::allocator<unsigned int>>, std::allocator<std::vector<unsigned int, std::allocator<unsigned int>>>>>, __gnu_cxx::__normal_iterator<unsigned int*, std::vector<unsigned int, std::allocator<unsigned int>>>>._omp_fn.12",36.738761,90.7,0.0,58.0,0.0,18.7,35.2,16.6,0.0,0.0,0.0,0.0,0.0,0.0,0.0,15960478800,7700231000,0,0,0,0,0,0,52.680000,imm,"ripples::CountOccurrencies<__gnu_cxx::__normal_iterator<std::vector<unsigned int, std::allocator<unsigned int>>*, std::vector<std::vector<unsigned int, std::allocator<unsigned int>>, std::allocator<std::vector<unsigned int, std::allocator<unsigned int>>>>>, __gnu_cxx::__normal_iterator<unsigned int*, std::vector<unsigned int, std::allocator<unsigned int>>>>._omp_fn.12",counting.h,0xd620
"trng::utility::u01xx_traits<float, (unsigned long)1, trng::lcg64>::addin",34.559712,9.6,4.6,6.9,4.6,0.0,9.2,25.3,0.0,0.0,0.0,0.0,0.0,0.0,0.0,0,0,0,0,0,0,0,0,0.0,imm,"trng::utility::u01xx_traits<float, (unsigned long)1, trng::lcg64>::addin(trng::lcg64&)",uniformxx.hpp,0x12e03
"std::vector<bool, std::allocator<bool>>::operator[]",29.068509,31.3,13.1,0.0,2.6,0.0,13.1,60.2,0.0,0.0,0.0,0.0,0.0,0.0,0.0,0,0,0,0,0,0,0,0,0.0,imm,"std::vector<bool, std::allocator<bool>>::operator[](unsigned long)",stl_bvector.h,0x12d95
"trng::utility::u01xx_traits<float, (unsigned long)1, trng::lcg64>::co",27.673918,9.2,9.0,3.0,0.0,3.0,6.0,27.0,0.0,0.0,0.0,0.0,0.0,0.0,0.0,78542356200,0,0,0,0,0,0,0,7.000000,imm,"trng::utility::u01xx_traits<float, (unsigned long)1, trng::lcg64>::co(trng::lcg64&)",uniformxx.hpp,0x12e03
"std::__insertion_sort<__gnu_cxx::__normal_iterator<unsigned int*, std::vector<unsigned int, std::allocator<unsigned int>>>, __gnu_cxx::__ops::_Iter_less_iter>",27.630337,73.5,0.0,50.7,0.0,6.3,25.4,60.2,0.0,0.0,0.0,0.0,0.0,0.0,0.0,4900147000,140004200,0,0,0,0,0,0,7.000000,imm,"void std::__insertion_sort<__gnu_cxx::__normal_iterator<unsigned int*, std::vector<unsigned int, std::allocator<unsigned int>>>, __gnu_cxx::__ops::_Iter_less_iter>(__gnu_cxx::__normal_iterator<unsigned int*, std::vector<unsigned int, std::allocator<unsigned int>>>, __gnu_cxx::__normal_iterator<unsigned int*, std::vector<unsigned int, std::allocator<unsigned int>>>, __gnu_cxx::__ops::_Iter_less_iter)",stl_algo.h,0xf5d5
"std::__move_merge<__gnu_cxx::__normal_iterator<unsigned int*, std::vector<unsigned int, std::allocator<unsigned int>>>, unsigned int*, __gnu_cxx::__ops::_Iter_less_iter>",21.834068,0.0,0.0,0.0,0.0,0.0,0.0,0.0,0.0,0.0,0.0,0.0,0.0,0.0,0.0,0,0,0,0,0,0,0,0,0.0,imm,"unsigned int* std::__move_merge<__gnu_cxx::__normal_iterator<unsigned int*, std::vector<unsigned int, std::allocator<unsigned int>>>, unsigned int*, __gnu_cxx::__ops::_Iter_less_iter>(__gnu_cxx::__normal_iterator<unsigned int*, std::vector<unsigned int, std::allocator<unsigned int>>>, __gnu_cxx::__normal_iterator<unsigned int*, std::vector<unsigned int, std::allocator<unsigned int>>>, __gnu_cxx::__normal_iterator<unsigned int*, std::vector<unsigned int, std::allocator<unsigned int>>>, __gnu_cxx::__normal_iterator<unsigned int*, std::vector<unsigned int, std::allocator<unsigned int>>>, unsigned int*, __gnu_cxx::__ops::_Iter_less_iter)",stl_algo.h,0xf755
"__gnu_cxx::__normal_iterator<unsigned int*, std::vector<unsigned int, std::allocator<unsigned int>>>::operator++",17.432389,0.0,0.0,0.0,0.0,0.0,0.0,0.0,0.0,0.0,0.0,0.0,0.0,0.0,0.0,0,0,0,0,0,0,0,0,0.0,imm,"__gnu_cxx::__normal_iterator<unsigned int*, std::vector<unsigned int, std::allocator<unsigned int>>>::operator++(void)",stl_iterator.h,0xf8fe
"__gnu_cxx::__ops::_Iter_less_iter::operator()<__gnu_cxx::__normal_iterator<unsigned int*, std::vector<unsigned int, std::allocator<unsigned int>>>, __gnu_cxx::__normal_iterator<unsigned int*, std::vector<unsigned int, std::allocator<unsigned int>>>>",15.689150,23.3,14.0,0.0,0.0,0.0,0.0,0.0,0.0,0.0,0.0,0.0,0.0,0.0,0.0,113263397800,0,0,0,0,0,0,0,7.017699,imm,"bool __gnu_cxx::__ops::_Iter_less_iter::operator()<__gnu_cxx::__normal_iterator<unsigned int*, std::vector<unsigned int, std::allocator<unsigned int>>>, __gnu_cxx::__normal_iterator<unsigned int*, std::vector<unsigned int, std::allocator<unsigned int>>>>(__gnu_cxx::__normal_iterator<unsigned int*, std::vector<unsigned int, std::allocator<unsigned int>>>, __gnu_cxx::__normal_iterator<unsigned int*, std::vector<unsigned int, std::allocator<unsigned int>>>) const",predefined_ops.h,0xf77c
"std::__move_merge_adaptive_backward<__gnu_cxx::__normal_iterator<unsigned int*, std::vector<unsigned int, std::allocator<unsigned int>>>, unsigned int*, __gnu_cxx::__normal_iterator<unsigned int*, std::vector<unsigned int, std::allocator<unsigned int>>>, __gnu_cxx::__ops::_Iter_less_iter>",13.379359,0.0,12.1,0.0,0.0,0.0,0.0,0.0,0.0,0.0,0.0,0.0,0.0,0.0,0.0,10080302400,5880176400,0,0,0,0,0,0,7.000000,imm,"void std::__move_merge_adaptive_backward<__gnu_cxx::__normal_iterator<unsigned int*, std::vector<unsigned int, std::allocator<unsigned int>>>, unsigned int*, __gnu_cxx::__normal_iterator<unsigned int*, std::vector<unsigned int, std::allocator<unsigned int>>>, __gnu_cxx::__ops::_Iter_less_iter>(__gnu_cxx::__normal_iterator<unsigned int*, std::vector<unsigned int, std::allocator<unsigned int>>>, __gnu_cxx::__normal_iterator<unsigned int*, std::vector<unsigned int, std::allocator<unsigned int>>>, unsigned int*, unsigned int*, __gnu_cxx::__normal_iterator<unsigned int*, std::vector<unsigned int, std::allocator<unsigned int>>>, __gnu_cxx::__ops::_Iter_less_iter)",stl_algo.h,0x1237c
"__gnu_cxx::__normal_iterator<unsigned int*, std::vector<unsigned int, std::allocator<unsigned int>>>::operator++",13.074292,0.7,12.9,0.0,0.0,0.0,0.0,0.0,0.0,0.0,0.0,0.0,0.0,0.0,0.0,0,3920117600,0,0,0,0,0,0,0.0,imm,"__gnu_cxx::__normal_iterator<unsigned int*, std::vector<unsigned int, std::allocator<unsigned int>>>::operator++(void)",stl_iterator.h,0xf838
_int_free,11.200310,81.9,53.0,26.5,13.2,19.9,6.6,33.1,0.0,0.0,0.0,0.0,0.0,0.0,0.0,4760142800,1540046200,0,0,0,0,0,0,8.800000,libc-2.29.so,_int_free,malloc.c,0x950c0
__GI___libc_malloc,10.154367,67.1,100.0,0.0,7.2,0.0,0.0,21.5,0.0,0.0,0.0,0.0,0.0,0.0,0.0,1820054600,840025200,0,0,0,0,0,0,0.0,libc-2.29.so,__GI___libc_malloc,malloc.c,0x98a40
"std::__unguarded_linear_insert<__gnu_cxx::__normal_iterator<unsigned int*, std::vector<unsigned int, std::allocator<unsigned int>>>, __gnu_cxx::__ops::_Val_less_iter>",8.541871,0.0,16.6,8.3,0.0,0.0,8.3,58.0,0.0,0.0,0.0,0.0,0.0,0.0,0.0,0,13440403200,0,0,0,0,0,0,0.0,imm,"void std::__unguarded_linear_insert<__gnu_cxx::__normal_iterator<unsigned int*, std::vector<unsigned int, std::allocator<unsigned int>>>, __gnu_cxx::__ops::_Val_less_iter>(__gnu_cxx::__normal_iterator<unsigned int*, std::vector<unsigned int, std::allocator<unsigned int>>>, __gnu_cxx::__ops::_Val_less_iter)",stl_algo.h,0xf622
"__gnu_cxx::__normal_iterator<unsigned int*, std::vector<unsigned int, std::allocator<unsigned int>>>::operator++",8.280385,0.0,0.0,0.0,0.0,0.0,0.0,0.0,0.0,0.0,0.0,0.0,0.0,0.0,0.0,0,5460163800,0,0,0,0,0,0,0.0,imm,"__gnu_cxx::__normal_iterator<unsigned int*, std::vector<unsigned int, std::allocator<unsigned int>>>::operator++(void)",stl_iterator.h,0xf855
__memset_avx2_erms,8.106061,100.0,0.0,0.0,0.0,0.0,0.0,0.0,0.0,0.0,0.0,0.0,0.0,0.0,0.0,0,0,0,0,0,0,0,0,0.0,libc-2.29.so,__memset_avx2_erms,memset-vec-unaligned-erms.S,0x1894d0
"ripples::Graph<unsigned int, ripples::WeightedDestination<unsigned int, float>, ripples::BackwardDirection<unsigned int>>::Neighborhood::Neighborhood",8.106061,,0.0,0.0,79.7,29.9,0.0,39.9,0.0,0.0,0.0,0.0,0.0,0.0,0.0,0,0,0,0,0,0,0,0,7.000000,imm,"ripples::Graph<unsigned int, ripples::WeightedDestination<unsigned int, float>, ripples::BackwardDirection<unsigned int>>::Neighborhood::Neighborhood(ripples::WeightedDestination<unsigned int, float>*, ripples::WeightedDestination<unsigned int, float>*)",graph.h,0x12dce
"__gnu_cxx::__ops::_Val_less_iter::operator()<unsigned int, __gnu_cxx::__normal_iterator<unsigned int*, std::vector<unsigned int, std::allocator<unsigned int>>>>",8.018899,0.0,23.8,0.0,0.0,0.0,11.9,0.0,0.0,0.0,0.0,0.0,0.0,0.0,0.0,3360100800,0,0,0,0,0,0,0,8.100000,imm,"bool __gnu_cxx::__ops::_Val_less_iter::operator()<unsigned int, __gnu_cxx::__normal_iterator<unsigned int*, std::vector<unsigned int, std::allocator<unsigned int>>>>(unsigned int&, __gnu_cxx::__normal_iterator<unsigned int*, std::vector<unsigned int, std::allocator<unsigned int>>>) const",predefined_ops.h,0xf622
[sep5],7.975318,96.1,31.1,0.0,93.3,0.0,0.0,31.1,0.0,0.0,0.0,0.0,0.0,0.0,0.0,560016800,0,0,0,0,0,0,0,72.000000,sep5,[sep5],[Unknown],0x0
"__gnu_cxx::__normal_iterator<unsigned int*, std::vector<unsigned int, std::allocator<unsigned int>>>::operator++",6.711470,,0.0,0.0,0.0,0.0,0.0,0.0,0.0,0.0,0.0,0.0,0.0,0.0,0.0,0,3220096600,0,0,0,0,0,0,0.0,imm,"__gnu_cxx::__normal_iterator<unsigned int*, std::vector<unsigned int, std::allocator<unsigned int>>>::operator++(void)",stl_iterator.h,0x12300
"std::__move_merge_adaptive<unsigned int*, __gnu_cxx::__normal_iterator<unsigned int*, std::vector<unsigned int, std::allocator<unsigned int>>>, __gnu_cxx::__normal_iterator<unsigned int*, std::vector<unsigned int, std::allocator<unsigned int>>>, __gnu_cxx::__ops::_Iter_less_iter>",6.362822,0.0,29.5,0.0,0.0,0.0,0.0,0.0,0.0,0.0,0.0,0.0,0.0,0.0,0.0,11900357000,3080092400,0,0,0,0,0,0,7.000000,imm,"void std::__move_merge_adaptive<unsigned int*, __gnu_cxx::__normal_iterator<unsigned int*, std::vector<unsigned int, std::allocator<unsigned int>>>, __gnu_cxx::__normal_iterator<unsigned int*, std::vector<unsigned int, std::allocator<unsigned int>>>, __gnu_cxx::__ops::_Iter_less_iter>(unsigned int*, unsigned int*, __gnu_cxx::__normal_iterator<unsigned int*, std::vector<unsigned int, std::allocator<unsigned int>>>, __gnu_cxx::__normal_iterator<unsigned int*, std::vector<unsigned int, std::allocator<unsigned int>>>, __gnu_cxx::__normal_iterator<unsigned int*, std::vector<unsigned int, std::allocator<unsigned int>>>, __gnu_cxx::__ops::_Iter_less_iter)",stl_algo.h,0x122ea
"__gnu_cxx::new_allocator<unsigned int>::construct<unsigned int, unsigned int const&>",5.839850,94.2,0.0,0.0,11.5,0.0,0.0,0.0,0.0,0.0,0.0,0.0,0.0,0.0,0.0,140004200,840025200,0,0,0,0,0,0,0.0,imm,"void __gnu_cxx::new_allocator<unsigned int>::construct<unsigned int, unsigned int const&>(unsigned int*, unsigned int const&&&)",new_allocator.h,0x12e7e
"std::vector<bool, std::allocator<bool>>::operator[]",4.837488,,17.7,0.0,0.0,0.0,17.7,0.0,0.0,0.0,0.0,0.0,0.0,0.0,0.0,0,0,0,0,0,0,0,0,0.0,imm,"std::vector<bool, std::allocator<bool>>::operator[](unsigned long)",stl_bvector.h,0x12e5a
"std::__copy_move_backward<(bool)1, (bool)1, std::random_access_iterator_tag>::__copy_move_b<unsigned int>",4.619583,0.0,38.6,0.0,0.0,0.0,19.3,0.0,0.0,0.0,0.0,0.0,0.0,0.0,0.0,0,1400042000,0,0,0,0,0,0,0.0,imm,"unsigned int* std::__copy_move_backward<(bool)1, (bool)1, std::random_access_iterator_tag>::__copy_move_b<unsigned int>(unsigned int const*, unsigned int const*, unsigned int*)",stl_algobase.h,0xf5d5
"std::__move_merge<__gnu_cxx::__normal_iterator<unsigned int*, std::vector<unsigned int, std::allocator<unsigned int>>>, unsigned int*, __gnu_cxx::__ops::_Iter_less_iter>",3.747964,,0.0,0.0,0.0,0.0,0.0,0.0,0.0,0.0,0.0,0.0,0.0,0.0,0.0,0,0,0,0,0,0,0,0,0.0,imm,"unsigned int* std::__move_merge<__gnu_cxx::__normal_iterator<unsigned int*, std::vector<unsigned int, std::allocator<unsigned int>>>, unsigned int*, __gnu_cxx::__ops::_Iter_less_iter>(__gnu_cxx::__normal_iterator<unsigned int*, std::vector<unsigned int, std::allocator<unsigned int>>>, __gnu_cxx::__normal_iterator<unsigned int*, std::vector<unsigned int, std::allocator<unsigned int>>>, __gnu_cxx::__normal_iterator<unsigned int*, std::vector<unsigned int, std::allocator<unsigned int>>>, __gnu_cxx::__normal_iterator<unsigned int*, std::vector<unsigned int, std::allocator<unsigned int>>>, unsigned int*, __gnu_cxx::__ops::_Iter_less_iter)",stl_algo.h,0xf820
"__gnu_cxx::__ops::_Iter_less_iter::operator()<unsigned int*, __gnu_cxx::__normal_iterator<unsigned int*, std::vector<unsigned int, std::allocator<unsigned int>>>>",3.486478,0.0,26.4,26.4,0.0,0.0,0.0,0.0,0.0,0.0,0.0,0.0,0.0,0.0,0.0,560016800,0,0,0,0,0,0,0,7.000000,imm,"bool __gnu_cxx::__ops::_Iter_less_iter::operator()<unsigned int*, __gnu_cxx::__normal_iterator<unsigned int*, std::vector<unsigned int, std::allocator<unsigned int>>>>(unsigned int*, __gnu_cxx::__normal_iterator<unsigned int*, std::vector<unsigned int, std::allocator<unsigned int>>>) const",predefined_ops.h,0x12396
"__gnu_cxx::__ops::_Iter_less_iter::operator()<__gnu_cxx::__normal_iterator<unsigned int*, std::vector<unsigned int, std::allocator<unsigned int>>>, __gnu_cxx::__normal_iterator<unsigned int*, std::vector<unsigned int, std::allocator<unsigned int>>>>",3.312154,,0.0,0.0,0.0,0.0,0.0,0.0,0.0,0.0,0.0,0.0,0.0,0.0,0.0,20020600600,0,0,0,0,0,0,0,7.000000,imm,"bool __gnu_cxx::__ops::_Iter_less_iter::operator()<__gnu_cxx::__normal_iterator<unsigned int*, std::vector<unsigned int, std::allocator<unsigned int>>>, __gnu_cxx::__normal_iterator<unsigned int*, std::vector<unsigned int, std::allocator<unsigned int>>>>(__gnu_cxx::__normal_iterator<unsigned int*, std::vector<unsigned int, std::allocator<unsigned int>>>, __gnu_cxx::__normal_iterator<unsigned int*, std::vector<unsigned int, std::allocator<unsigned int>>>) const",predefined_ops.h,0xf84c
func@0xa7b0,2.919925,,0.0,0.0,0.0,0.0,0.0,0.0,0.0,0.0,0.0,0.0,0.0,0.0,0.0,12460373800,0,0,0,0,0,0,0,7.000000,imm,func@0xa7b0,[Unknown],0xa7b0
"std::__copy_move<(bool)1, (bool)1, std::random_access_iterator_tag>::__copy_m<unsigned int>",2.353373,0.0,0.0,0.0,0.0,0.0,0.0,0.0,0.0,0.0,0.0,0.0,0.0,0.0,0.0,0,840025200,0,0,0,0,0,0,0.0,imm,"unsigned int* std::__copy_move<(bool)1, (bool)1, std::random_access_iterator_tag>::__copy_m<unsigned int>(unsigned int const*, unsigned int const*, unsigned int*)",stl_algobase.h,0xf924
"__gnu_cxx::__normal_iterator<unsigned int*, std::vector<unsigned int, std::allocator<unsigned int>>>::operator++",2.222630,-0.0,0.0,0.0,0.0,0.0,0.0,0.0,0.0,0.0,0.0,0.0,0.0,0.0,0.0,0,0,0,0,0,0,0,0,0.0,imm,"__gnu_cxx::__normal_iterator<unsigned int*, std::vector<unsigned int, std::allocator<unsigned int>>>::operator++(void)",stl_iterator.h,0x12307
"__gnu_cxx::new_allocator<unsigned int>::construct<unsigned int, unsigned int const&>",2.179049,0.0,0.0,40.6,0.0,0.0,0.0,0.0,0.0,0.0,0.0,0.0,0.0,0.0,0.0,0,23100693000,0,0,0,0,0,0,0.0,imm,"void __gnu_cxx::new_allocator<unsigned int>::construct<unsigned int, unsigned int const&>(unsigned int*, unsigned int const&&&)",new_allocator.h,0x12e48
"__gnu_cxx::__ops::_Iter_less_iter::operator()<__gnu_cxx::__normal_iterator<unsigned int*, std::vector<unsigned int, std::allocator<unsigned int>>>, __gnu_cxx::__normal_iterator<unsigned int*, std::vector<unsigned int, std::allocator<unsigned int>>>>",2.135468,-0.0,0.0,0.0,0.0,0.0,0.0,51.9,0.0,0.0,0.0,0.0,0.0,0.0,0.0,19740592200,0,0,0,0,0,0,0,7.000000,imm,"bool __gnu_cxx::__ops::_Iter_less_iter::operator()<__gnu_cxx::__normal_iterator<unsigned int*, std::vector<unsigned int, std::allocator<unsigned int>>>, __gnu_cxx::__normal_iterator<unsigned int*, std::vector<unsigned int, std::allocator<unsigned int>>>>(__gnu_cxx::__normal_iterator<unsigned int*, std::vector<unsigned int, std::allocator<unsigned int>>>, __gnu_cxx::__normal_iterator<unsigned int*, std::vector<unsigned int, std::allocator<unsigned int>>>) const",predefined_ops.h,0xf619
_int_malloc,2.004725,30.9,34.6,0.0,34.6,34.6,0.0,0.0,0.0,0.0,0.0,0.0,0.0,0.0,0.0,1260037800,2940088200,0,0,0,0,0,0,0.0,libc-2.29.so,_int_malloc,malloc.c,0x966c0
unlink_chunk,1.961144,0.0,0.0,0.0,0.0,52.8,52.8,0.0,0.0,0.0,0.0,0.0,0.0,0.0,0.0,280008400,0,0,0,0,0,0,0,0.0,libc-2.29.so,unlink_chunk,malloc.c,0x93760
std::_Bit_reference::operator=,1.917563,0.0,0.0,0.0,0.0,0.0,0.0,0.0,0.0,0.0,0.0,0.0,0.0,0.0,0.0,5040151200,4340130200,0,0,0,0,0,0,7.000000,imm,std::_Bit_reference::operator=(bool),stl_bvector.h,0x12e6c
"__gnu_cxx::__ops::_Iter_less_iter::operator()<__gnu_cxx::__normal_iterator<unsigned int*, std::vector<unsigned int, std::allocator<unsigned int>>>, unsigned int*>",1.656077,0.0,0.0,0.0,0.0,0.0,0.0,0.0,0.0,0.0,0.0,0.0,0.0,0.0,0.0,0,0,0,0,0,0,0,0,7.166667,imm,"bool __gnu_cxx::__ops::_Iter_less_iter::operator()<__gnu_cxx::__normal_iterator<unsigned int*, std::vector<unsigned int, std::allocator<unsigned int>>>, unsigned int*>(__gnu_cxx::__normal_iterator<unsigned int*, std::vector<unsigned int, std::allocator<unsigned int>>>, unsigned int*) const",predefined_ops.h,0x1231c
"std::__copy_move<(bool)1, (bool)1, std::random_access_iterator_tag>::__copy_m<unsigned int>",1.438172,23.6,50.9,0.0,0.0,0.0,0.0,0.0,0.0,0.0,0.0,0.0,0.0,0.0,0.0,0,280008400,0,0,0,0,0,0,0.0,imm,"unsigned int* std::__copy_move<(bool)1, (bool)1, std::random_access_iterator_tag>::__copy_m<unsigned int>(unsigned int const*, unsigned int const*, unsigned int*)",stl_algobase.h,0xf7b0
"std::__move_merge<unsigned int*, __gnu_cxx::__normal_iterator<unsigned int*, std::vector<unsigned int, std::allocator<unsigned int>>>, __gnu_cxx::__ops::_Iter_less_iter>",1.394591,-0.0,0.0,0.0,0.0,0.0,0.0,0.0,0.0,0.0,0.0,0.0,0.0,0.0,0.0,8260247800,4060121800,0,0,0,0,0,0,7.000000,imm,"__gnu_cxx::__normal_iterator<unsigned int*, std::vector<unsigned int, std::allocator<unsigned int>>> std::__move_merge<unsigned int*, __gnu_cxx::__normal_iterator<unsigned int*, std::vector<unsigned int, std::allocator<unsigned int>>>, __gnu_cxx::__ops::_Iter_less_iter>(unsigned int*, unsigned int*, unsigned int*, unsigned int*, __gnu_cxx::__normal_iterator<unsigned int*, std::vector<unsigned int, std::allocator<unsigned int>>>, __gnu_cxx::__ops::_Iter_less_iter)",stl_algo.h,0xf9dd
__GI_,1.307429,0.0,0.0,47.5,0.0,0.0,0.0,0.0,0.0,0.0,0.0,0.0,0.0,0.0,0.0,700021000,420012600,0,0,0,0,0,0,21.000000,libc-2.29.so,"float __GI_(long, int, bool, char)",malloc.c,0x991d0
"__gnu_cxx::operator-<unsigned int*, std::vector<unsigned int, std::allocator<unsigned int>>>",1.307429,-0.0,0.0,0.0,0.0,0.0,0.0,0.0,0.0,0.0,0.0,0.0,0.0,0.0,0.0,0,0,0,0,0,0,0,0,0.0,imm,"__gnu_cxx::__normal_iterator<unsigned int*, std::vector<unsigned int, std::allocator<unsigned int>>>::difference_type __gnu_cxx::operator-<unsigned int*, std::vector<unsigned int, std::allocator<unsigned int>>>(__gnu_cxx::__normal_iterator<unsigned int*, std::vector<unsigned int, std::allocator<unsigned int>>> const&, __gnu_cxx::__normal_iterator<unsigned int*, std::vector<unsigned int, std::allocator<unsigned int>>> const&)",stl_iterator.h,0xf656
"__gnu_cxx::__normal_iterator<unsigned int*, std::vector<unsigned int, std::allocator<unsigned int>>>::operator++",1.263848,0.0,47.5,0.0,0.0,0.0,47.5,0.0,0.0,0.0,0.0,0.0,0.0,0.0,0.0,0,0,0,0,0,0,0,0,0.0,imm,"__gnu_cxx::__normal_iterator<unsigned int*, std::vector<unsigned int, std::allocator<unsigned int>>>::operator++(void)",stl_iterator.h,0xf60c
"__gnu_cxx::__normal_iterator<unsigned int*, std::vector<unsigned int, std::allocator<unsigned int>>>::operator++",1.045943,-0.0,0.0,0.0,0.0,0.0,0.0,0.0,0.0,0.0,0.0,0.0,0.0,0.0,0.0,0,0,0,0,0,0,0,0,0.0,imm,"__gnu_cxx::__normal_iterator<unsigned int*, std::vector<unsigned int, std::allocator<unsigned int>>>::operator++(void)",stl_iterator.h,0xfa01
"std::__copy_move<(bool)1, (bool)1, std::random_access_iterator_tag>::__copy_m<unsigned int>",0.958781,0.0,0.0,0.0,0.0,0.0,0.0,0.0,0.0,0.0,0.0,0.0,0.0,0.0,0.0,0,2380071400,0,0,0,0,0,0,0.0,imm,"unsigned int* std::__copy_move<(bool)1, (bool)1, std::random_access_iterator_tag>::__copy_m<unsigned int>(unsigned int const*, unsigned int const*, unsigned int*)",stl_algobase.h,0xf7c7
"std::deque<unsigned int, std::allocator<unsigned int>>::_M_push_back_aux<unsigned int const&>",0.697296,-0.0,0.0,0.0,100.0,0.0,0.0,0.0,0.0,0.0,0.0,0.0,0.0,0.0,0.0,0,140004200,0,0,0,0,0,0,7.000000,imm,"void std::deque<unsigned int, std::allocator<unsigned int>>::_M_push_back_aux<unsigned int const&>(unsigned int const&&&)",deque.tcc,0x44e80
tcache_get,0.610134,0.0,100.0,0.0,0.0,0.0,0.0,0.0,0.0,0.0,0.0,0.0,0.0,0.0,0.0,140004200,280008400,0,0,0,0,0,0,0.0,libc-2.29.so,tcache_get,malloc.c,0x98bd9
_ZN7ripples9partitionIN9__gnu_cxx17__normal_iteratorIPSt6vectorIjSaIjEES3_IS5_SaIS5_EEEEZNS_28CPUFindMostInfluentialWorkerINS_5GraphIjNS_19WeightedDestinationIjfEENS_17BackwardDirectionIjEEEEE14UpdateCountersEjEUlRKS5_E_EET_SL_SL_T0_m._omp_fn.8,0.566553,-0.0,0.0,0.0,0.0,100.0,0.0,0.0,0.0,0.0,0.0,0.0,0.0,0.0,0.0,0,0,0,0,0,0,0,0,0.0,imm,_ZN7ripples9partitionIN9__gnu_cxx17__normal_iteratorIPSt6vectorIjSaIjEES3_IS5_SaIS5_EEEEZNS_28CPUFindMostInfluentialWorkerINS_5GraphIjNS_19WeightedDestinationIjfEENS_17BackwardDirectionIjEEEEE14UpdateCountersEjEUlRKS5_E_EET_SL_SL_T0_m._omp_fn.8,partition.h,0x17240
operator new,0.479391,-0.0,0.0,0.0,0.0,0.0,0.0,0.0,0.0,0.0,0.0,0.0,0.0,0.0,0.0,0,840025200,0,0,0,0,0,0,0.0,libstdc++.so.6.0.26,operator new(unsigned long),[Unknown],0xa5a10
__gnu_cxx::new_allocator<unsigned int>::deallocate,0.435810,0.0,0.0,0.0,0.0,0.0,0.0,0.0,0.0,0.0,0.0,0.0,0.0,0.0,0.0,280008400,140004200,0,0,0,0,0,0,0.0,imm,"__gnu_cxx::new_allocator<unsigned int>::deallocate(unsigned int*, unsigned long)",new_allocator.h,0x12ff0
"ripples::Graph<unsigned int, ripples::WeightedDestination<unsigned int, float>, ripples::ForwardDirection<unsigned int>>::Graph<std::basic_ifstream<char, std::char_traits<char>>>",0.392229,0.0,0.0,0.0,0.0,0.0,0.0,0.0,0.0,0.0,0.0,0.0,0.0,0.0,0.0,2800084000,0,0,0,0,0,0,0,0.0,imm,"ripples::Graph<unsigned int, ripples::WeightedDestination<unsigned int, float>, ripples::ForwardDirection<unsigned int>>::Graph<std::basic_ifstream<char, std::char_traits<char>>>(std::basic_ifstream<char, std::char_traits<char>>&)",graph.h,0x51680
"std::__copy_move<(bool)1, (bool)1, std::random_access_iterator_tag>::__copy_m<unsigned int>",0.392229,-0.0,0.0,0.0,0.0,0.0,0.0,0.0,0.0,0.0,0.0,0.0,0.0,0.0,0.0,0,840025200,0,0,0,0,0,0,0.0,imm,"unsigned int* std::__copy_move<(bool)1, (bool)1, std::random_access_iterator_tag>::__copy_m<unsigned int>(unsigned int const*, unsigned int const*, unsigned int*)",stl_algobase.h,0xf940
"std::__merge_sort_loop<__gnu_cxx::__normal_iterator<unsigned int*, std::vector<unsigned int, std::allocator<unsigned int>>>, unsigned int*, long, __gnu_cxx::__ops::_Iter_less_iter>",0.392229,-0.0,0.0,0.0,0.0,0.0,0.0,0.0,0.0,0.0,0.0,0.0,0.0,0.0,0.0,0,0,0,0,0,0,0,0,0.0,imm,"void std::__merge_sort_loop<__gnu_cxx::__normal_iterator<unsigned int*, std::vector<unsigned int, std::allocator<unsigned int>>>, unsigned int*, long, __gnu_cxx::__ops::_Iter_less_iter>(__gnu_cxx::__normal_iterator<unsigned int*, std::vector<unsigned int, std::allocator<unsigned int>>>, __gnu_cxx::__normal_iterator<unsigned int*, std::vector<unsigned int, std::allocator<unsigned int>>>, unsigned int*, long, __gnu_cxx::__ops::_Iter_less_iter)",stl_algo.h,0xf6fa
operator delete,0.348648,0.0,0.0,0.0,0.0,0.0,0.0,0.0,0.0,0.0,0.0,0.0,0.0,0.0,0.0,0,0,0,0,0,0,0,0,0.0,libstdc++.so.6.0.26,operator delete(void*),[Unknown],0xa3d60
"std::__merge_sort_loop<unsigned int*, __gnu_cxx::__normal_iterator<unsigned int*, std::vector<unsigned int, std::allocator<unsigned int>>>, long, __gnu_cxx::__ops::_Iter_less_iter>",0.305067,0.0,0.0,0.0,0.0,0.0,0.0,0.0,0.0,0.0,0.0,0.0,0.0,0.0,0.0,280008400,0,0,0,0,0,0,0,0.0,imm,"void std::__merge_sort_loop<unsigned int*, __gnu_cxx::__normal_iterator<unsigned int*, std::vector<unsigned int, std::allocator<unsigned int>>>, long, __gnu_cxx::__ops::_Iter_less_iter>(unsigned int*, unsigned int*, __gnu_cxx::__normal_iterator<unsigned int*, std::vector<unsigned int, std::allocator<unsigned int>>>, long, __gnu_cxx::__ops::_Iter_less_iter)",stl_algo.h,0xf874
"ripples::Graph<unsigned int, ripples::WeightedDestination<unsigned int, float>, ripples::ForwardDirection<unsigned int>>::get_transpose",0.217905,0.0,0.0,0.0,0.0,0.0,0.0,0.0,0.0,0.0,0.0,0.0,0.0,0.0,0.0,140004200,280008400,0,0,0,0,0,0,0.0,imm,"ripples::Graph<unsigned int, ripples::WeightedDestination<unsigned int, float>, ripples::ForwardDirection<unsigned int>>::get_transpose(void) const",graph.h,0x42040
"__gnu_cxx::__normal_iterator<unsigned int*, std::vector<unsigned int, std::allocator<unsigned int>>>::operator+",0.174324,-0.0,0.0,0.0,0.0,0.0,0.0,0.0,0.0,0.0,0.0,0.0,0.0,0.0,0.0,0,0,0,0,0,0,0,0,0.0,imm,"__gnu_cxx::__normal_iterator<unsigned int*, std::vector<unsigned int, std::allocator<unsigned int>>>::operator+(long) const",stl_iterator.h,0xf5e5
"std::_Rb_tree<unsigned int, std::pair<unsigned int const, unsigned int>, std::_Select1st<std::pair<unsigned int const, unsigned int>>, std::less<unsigned int>, std::allocator<std::pair<unsigned int const, unsigned int>>>::_M_erase",0.174324,0.0,0.0,0.0,0.0,0.0,0.0,0.0,0.0,0.0,0.0,0.0,0.0,0.0,0.0,140004200,0,0,0,0,0,0,0,0.0,imm,"std::_Rb_tree<unsigned int, std::pair<unsigned int const, unsigned int>, std::_Select1st<std::pair<unsigned int const, unsigned int>>, std::less<unsigned int>, std::allocator<std::pair<unsigned int const, unsigned int>>>::_M_erase(std::_Rb_tree_node<std::pair<unsigned int const, unsigned int>>*)",stl_tree.h,0x36090
tcache_put,0.174324,-0.0,0.0,0.0,0.0,0.0,0.0,0.0,0.0,0.0,0.0,0.0,0.0,0.0,0.0,0,140004200,0,0,0,0,0,0,0.0,libc-2.29.so,tcache_put,malloc.c,0x95390
"__gnu_cxx::__normal_iterator<unsigned int*, std::vector<unsigned int, std::allocator<unsigned int>>>::operator+",0.130743,-0.0,0.0,0.0,0.0,0.0,0.0,0.0,0.0,0.0,0.0,0.0,0.0,0.0,0.0,420012600,0,0,0,0,0,0,0,0.0,imm,"__gnu_cxx::__normal_iterator<unsigned int*, std::vector<unsigned int, std::allocator<unsigned int>>>::operator+(long) const",stl_iterator.h,0xf725
"__gnu_cxx::operator-<unsigned int*, std::vector<unsigned int, std::allocator<unsigned int>>>",0.130743,-0.0,0.0,0.0,0.0,0.0,0.0,0.0,0.0,0.0,0.0,0.0,0.0,0.0,0.0,420012600,0,0,0,0,0,0,0,0.0,imm,"__gnu_cxx::__normal_iterator<unsigned int*, std::vector<unsigned int, std::allocator<unsigned int>>>::difference_type __gnu_cxx::operator-<unsigned int*, std::vector<unsigned int, std::allocator<unsigned int>>>(__gnu_cxx::__normal_iterator<unsigned int*, std::vector<unsigned int, std::allocator<unsigned int>>> const&, __gnu_cxx::__normal_iterator<unsigned int*, std::vector<unsigned int, std::allocator<unsigned int>>> const&)",stl_iterator.h,0xf6fa
func@0x1da00,0.130743,0.0,0.0,0.0,0.0,0.0,0.0,0.0,0.0,0.0,0.0,0.0,0.0,0.0,0.0,0,0,0,0,0,0,0,0,0.0,libgomp.so.1.0.0,func@0x1da00,[Unknown],0x1da00
func@0x967a0,0.130743,0.0,0.0,0.0,0.0,0.0,0.0,0.0,0.0,0.0,0.0,0.0,0.0,0.0,0.0,280008400,0,0,0,0,0,0,0,0.0,libstdc++.so.6.0.26,func@0x967a0,[Unknown],0x967a0
"ripples::Graph<unsigned int, ripples::WeightedDestination<unsigned int, float>, ripples::ForwardDirection<unsigned int>>::load_binary<std::basic_ifstream<char, std::char_traits<char>>>._omp_fn.3",0.130743,0.0,0.0,0.0,0.0,0.0,0.0,0.0,0.0,0.0,0.0,0.0,0.0,0.0,0.0,0,0,0,0,0,0,0,0,0.0,imm,"ripples::Graph<unsigned int, ripples::WeightedDestination<unsigned int, float>, ripples::ForwardDirection<unsigned int>>::load_binary<std::basic_ifstream<char, std::char_traits<char>>>._omp_fn.3",graph.h,0x15870
"std::__merge_sort_with_buffer<__gnu_cxx::__normal_iterator<unsigned int*, std::vector<unsigned int, std::allocator<unsigned int>>>, unsigned int*, __gnu_cxx::__ops::_Iter_less_iter>",0.130743,0.0,0.0,0.0,0.0,0.0,0.0,0.0,0.0,0.0,0.0,0.0,0.0,0.0,0.0,0,0,0,0,0,0,0,0,0.0,imm,"void std::__merge_sort_with_buffer<__gnu_cxx::__normal_iterator<unsigned int*, std::vector<unsigned int, std::allocator<unsigned int>>>, unsigned int*, __gnu_cxx::__ops::_Iter_less_iter>(__gnu_cxx::__normal_iterator<unsigned int*, std::vector<unsigned int, std::allocator<unsigned int>>>, __gnu_cxx::__normal_iterator<unsigned int*, std::vector<unsigned int, std::allocator<unsigned int>>>, unsigned int*, __gnu_cxx::__ops::_Iter_less_iter)",stl_algo.h,0xf590
"__gnu_cxx::__ops::_Iter_comp_iter<ripples::CompareHeap<ripples::Graph<unsigned int, ripples::WeightedDestination<unsigned int, float>, ripples::BackwardDirection<unsigned int>>>>::operator()<__gnu_cxx::__normal_iterator<std::pair<unsigned int, unsigned long>*, std::vector<std::pair<unsigned int, unsigned long>, std::allocator<std::pair<unsigned int, unsigned long>>>>, __gnu_cxx::__normal_iterator<std::pair<unsigned int, unsigned long>*, std::vector<std::pair<unsigned int, unsigned long>, std::allocator<std::pair<unsigned int, unsigned long>>>>>",0.087162,0.0,0.0,0.0,0.0,0.0,0.0,0.0,0.0,0.0,0.0,0.0,0.0,0.0,0.0,0,0,0,0,0,0,0,0,0.0,imm,"bool __gnu_cxx::__ops::_Iter_comp_iter<ripples::CompareHeap<ripples::Graph<unsigned int, ripples::WeightedDestination<unsigned int, float>, ripples::BackwardDirection<unsigned int>>>>::operator()<__gnu_cxx::__normal_iterator<std::pair<unsigned int, unsigned long>*, std::vector<std::pair<unsigned int, unsigned long>, std::allocator<std::pair<unsigned int, unsigned long>>>>, __gnu_cxx::__normal_iterator<std::pair<unsigned int, unsigned long>*, std::vector<std::pair<unsigned int, unsigned long>, std::allocator<std::pair<unsigned int, unsigned long>>>>>(__gnu_cxx::__normal_iterator<std::pair<unsigned int, unsigned long>*, std::vector<std::pair<unsigned int, unsigned long>, std::allocator<std::pair<unsigned int, unsigned long>>>>, __gnu_cxx::__normal_iterator<std::pair<unsigned int, unsigned long>*, std::vector<std::pair<unsigned int, unsigned long>, std::allocator<std::pair<unsigned int, unsigned long>>>>)",predefined_ops.h,0xed3f
__gnu_cxx::new_allocator<unsigned int>::allocate,0.087162,,0.0,0.0,0.0,0.0,0.0,0.0,0.0,0.0,0.0,0.0,0.0,0.0,0.0,0,0,0,0,0,0,0,0,0.0,imm,"__gnu_cxx::new_allocator<unsigned int>::allocate(unsigned long, void const*)",new_allocator.h,0x44eb5
free_stacks,0.087162,0.0,0.0,0.0,0.0,0.0,0.0,0.0,0.0,0.0,0.0,0.0,0.0,0.0,0.0,0,0,0,0,0,0,0,0,0.0,libpthread-2.29.so,free_stacks,allocatestack.c,0x75b0
"ripples::InitHeapStorage<__gnu_cxx::__normal_iterator<unsigned int*, std::vector<unsigned int, std::allocator<unsigned int>>>, __gnu_cxx::__normal_iterator<std::pair<unsigned int, unsigned long>*, std::vector<std::pair<unsigned int, unsigned long>, std::allocator<std::pair<unsigned int, unsigned long>>>>>._omp_fn.13",0.087162,0.0,0.0,0.0,0.0,0.0,0.0,0.0,0.0,0.0,0.0,0.0,0.0,0.0,0.0,0,0,0,0,0,0,0,0,0.0,imm,"ripples::InitHeapStorage<__gnu_cxx::__normal_iterator<unsigned int*, std::vector<unsigned int, std::allocator<unsigned int>>>, __gnu_cxx::__normal_iterator<std::pair<unsigned int, unsigned long>*, std::vector<std::pair<unsigned int, unsigned long>, std::allocator<std::pair<unsigned int, unsigned long>>>>>._omp_fn.13",counting.h,0xd770
"std::_Deque_iterator<unsigned int, unsigned int&, unsigned int*>::_M_set_node",0.087162,0.0,0.0,0.0,0.0,0.0,0.0,0.0,0.0,0.0,0.0,0.0,0.0,0.0,0.0,0,0,0,0,0,0,0,0,0.0,imm,"std::_Deque_iterator<unsigned int, unsigned int&, unsigned int*>::_M_set_node(unsigned int**)",stl_deque.h,0x44ed5
"std::pair<unsigned int, unsigned long>::operator=",0.087162,0.0,0.0,0.0,0.0,0.0,0.0,0.0,0.0,0.0,0.0,0.0,0.0,0.0,0.0,0,0,0,0,0,0,0,0,0.0,imm,"std::pair<unsigned int, unsigned long>::operator=(std::pair<unsigned int, unsigned long>&&)",stl_pair.h,0x110a1
GOMP_loop_ull_nonmonotonic_dynamic_start,0.043581,0.0,0.0,0.0,0.0,0.0,0.0,0.0,0.0,0.0,0.0,0.0,0.0,0.0,0.0,0,0,0,0,0,0,0,0,0.0,libgomp.so.1.0.0,GOMP_loop_ull_nonmonotonic_dynamic_start,[Unknown],0xf0e0
GOMP_parallel,0.043581,0.0,0.0,0.0,0.0,0.0,0.0,0.0,0.0,0.0,0.0,0.0,0.0,0.0,0.0,0,0,0,0,0,0,0,0,0.0,libgomp.so.1.0.0,GOMP_parallel,[Unknown],0x11c80
_GLOBAL__sub_I_yarn3s.cc,0.043581,,0.0,0.0,0.0,0.0,0.0,0.0,0.0,0.0,0.0,0.0,0.0,0.0,0.0,0,0,0,0,0,0,0,0,0.0,libtrng4.so.21.0.0,_GLOBAL__sub_I_yarn3s.cc,[Unknown],0x6990
"__gnu_cxx::__normal_iterator<unsigned int*, std::vector<unsigned int, std::allocator<unsigned int>>>::operator+",0.043581,0.0,0.0,0.0,0.0,0.0,0.0,0.0,0.0,0.0,0.0,0.0,0.0,0.0,0.0,0,0,0,0,0,0,0,0,0.0,imm,"__gnu_cxx::__normal_iterator<unsigned int*, std::vector<unsigned int, std::allocator<unsigned int>>>::operator+(long) const",stl_iterator.h,0xf5e0
"__gnu_cxx::__normal_iterator<unsigned int*, std::vector<unsigned int, std::allocator<unsigned int>>>::operator--",0.043581,0.0,0.0,0.0,0.0,0.0,0.0,0.0,0.0,0.0,0.0,0.0,0.0,0.0,0.0,0,0,0,0,0,0,0,0,0.0,imm,"__gnu_cxx::__normal_iterator<unsigned int*, std::vector<unsigned int, std::allocator<unsigned int>>>::operator--(void)",stl_iterator.h,0x123ac
"__gnu_cxx::__normal_iterator<unsigned int*, std::vector<unsigned int, std::allocator<unsigned int>>>::operator--",0.043581,0.0,0.0,0.0,0.0,0.0,0.0,0.0,0.0,0.0,0.0,0.0,0.0,0.0,0.0,0,0,0,0,0,0,0,0,0.0,imm,"__gnu_cxx::__normal_iterator<unsigned int*, std::vector<unsigned int, std::allocator<unsigned int>>>::operator--(void)",stl_iterator.h,0xf641
"__gnu_cxx::new_allocator<unsigned int>::construct<unsigned int, unsigned int const&>",0.043581,0.0,0.0,0.0,0.0,0.0,0.0,0.0,0.0,0.0,0.0,0.0,0.0,0.0,0.0,0,0,0,0,0,0,0,0,0.0,imm,"void __gnu_cxx::new_allocator<unsigned int>::construct<unsigned int, unsigned int const&>(unsigned int*, unsigned int const&&&)",new_allocator.h,0x303da
__madvise,0.043581,0.0,0.0,0.0,0.0,0.0,0.0,0.0,0.0,0.0,0.0,0.0,0.0,0.0,0.0,0,0,0,0,0,0,0,0,0.0,libc-2.29.so,__madvise,syscall-template.S,0x117660
__pthread_detach,0.043581,0.0,0.0,0.0,0.0,0.0,0.0,0.0,0.0,0.0,0.0,0.0,0.0,0.0,0.0,0,0,0,0,0,0,0,0,0.0,libpthread-2.29.so,__pthread_detach,pthread_detach.c,0xa420
__pthread_enable_asynccancel,0.043581,,0.0,0.0,0.0,0.0,0.0,0.0,0.0,0.0,0.0,0.0,0.0,0.0,0.0,0,0,0,0,0,0,0,0,0.0,libpthread-2.29.so,__pthread_enable_asynccancel,cancellation.S,0x129e0
free_perturb,0.043581,0.0,0.0,0.0,0.0,0.0,0.0,0.0,0.0,0.0,0.0,0.0,0.0,0.0,0.0,0,0,0,0,0,0,0,0,0.0,libc-2.29.so,free_perturb,malloc.c,0x95291
func@0x1c8c0,0.043581,0.0,0.0,0.0,0.0,0.0,0.0,0.0,0.0,0.0,0.0,0.0,0.0,0.0,0.0,0,0,0,0,0,0,0,0,0.0,libgomp.so.1.0.0,func@0x1c8c0,[Unknown],0x1c8c0
func@0x1d7f0,0.043581,0.0,0.0,0.0,0.0,0.0,0.0,0.0,0.0,0.0,0.0,0.0,0.0,0.0,0.0,0,0,0,0,0,0,0,0,0.0,libgomp.so.1.0.0,func@0x1d7f0,[Unknown],0x1d7f0
func@0xa460,0.043581,0.0,0.0,0.0,0.0,0.0,0.0,0.0,0.0,0.0,0.0,0.0,0.0,0.0,0.0,0,0,0,0,0,0,0,0,0.0,imm,func@0xa460,[Unknown],0xa460
func@0xa470,0.043581,0.0,0.0,0.0,100.0,0.0,0.0,0.0,0.0,0.0,0.0,0.0,0.0,0.0,0.0,560016800,0,0,0,0,0,0,0,0.0,imm,func@0xa470,[Unknown],0xa470
func@0xd280,0.043581,0.0,0.0,0.0,0.0,0.0,0.0,0.0,0.0,0.0,0.0,0.0,0.0,0.0,0.0,0,0,0,0,0,0,0,0,0.0,libgomp.so.1.0.0,func@0xd280,[Unknown],0xd280
heap_trim,0.043581,,0.0,0.0,0.0,0.0,0.0,0.0,0.0,0.0,0.0,0.0,0.0,0.0,0.0,0,0,0,0,0,0,0,0,0.0,libc-2.29.so,heap_trim,arena.c,0x95748
new_heap,0.043581,0.0,0.0,0.0,0.0,0.0,0.0,0.0,0.0,0.0,0.0,0.0,0.0,0.0,0.0,0,0,0,0,0,0,0,0,0.0,libc-2.29.so,new_heap,arena.c,0x935a0
"ripples::Graph<unsigned int, ripples::WeightedDestination<unsigned int, float>, ripples::ForwardDirection<unsigned int>>::get_transpose._omp_fn.5",0.043581,0.0,0.0,0.0,0.0,0.0,0.0,0.0,0.0,0.0,0.0,0.0,0.0,0.0,0.0,0,0,0,0,0,0,0,0,0.0,imm,"ripples::Graph<unsigned int, ripples::WeightedDestination<unsigned int, float>, ripples::ForwardDirection<unsigned int>>::get_transpose const._omp_fn.5",graph.h,0x15990
"ripples::UpdateCounters<__gnu_cxx::__normal_iterator<std::vector<unsigned int, std::allocator<unsigned int>>*, std::vector<std::vector<unsigned int, std::allocator<unsigned int>>, std::allocator<std::vector<unsigned int, std::allocator<unsigned int>>>>>, std::vector<unsigned int, std::allocator<unsigned int>>>._omp_fn.11",0.043581,0.0,0.0,0.0,0.0,0.0,0.0,0.0,0.0,0.0,0.0,0.0,0.0,0.0,0.0,0,0,0,0,0,0,0,0,0.0,imm,"ripples::UpdateCounters<__gnu_cxx::__normal_iterator<std::vector<unsigned int, std::allocator<unsigned int>>*, std::vector<std::vector<unsigned int, std::allocator<unsigned int>>, std::allocator<std::vector<unsigned int, std::allocator<unsigned int>>>>>, std::vector<unsigned int, std::allocator<unsigned int>>>._omp_fn.11",counting.h,0x15af0
"ripples::WeightedDestination<unsigned int, float>::WeightedDestination",0.043581,0.0,0.0,0.0,0.0,0.0,0.0,0.0,0.0,0.0,0.0,0.0,0.0,0.0,0.0,0,140004200,0,0,0,0,0,0,0.0,imm,"ripples::WeightedDestination<unsigned int, float>::WeightedDestination(unsigned int, float)",graph.h,0x51818
"std::_Rb_tree<unsigned int, std::pair<unsigned int const, unsigned int>, std::_Select1st<std::pair<unsigned int const, unsigned int>>, std::less<unsigned int>, std::allocator<std::pair<unsigned int const, unsigned int>>>::_M_clone_node<std::_Rb_tree<unsigned int, std::pair<unsigned int const, unsigned int>, std::_Select1st<std::pair<unsigned int const, unsigned int>>, std::less<unsigned int>, std::allocator<std::pair<unsigned int const, unsigned int>>>::_Reuse_or_alloc_node>",0.043581,0.0,0.0,0.0,0.0,0.0,0.0,0.0,0.0,0.0,0.0,0.0,0.0,0.0,0.0,140004200,0,0,0,0,0,0,0,0.0,imm,"std::_Rb_tree_node<std::pair<unsigned int const, unsigned int>>* std::_Rb_tree<unsigned int, std::pair<unsigned int const, unsigned int>, std::_Select1st<std::pair<unsigned int const, unsigned int>>, std::less<unsigned int>, std::allocator<std::pair<unsigned int const, unsigned int>>>::_M_clone_node<std::_Rb_tree<unsigned int, std::pair<unsigned int const, unsigned int>, std::_Select1st<std::pair<unsigned int const, unsigned int>>, std::less<unsigned int>, std::allocator<std::pair<unsigned int const, unsigned int>>>::_Reuse_or_alloc_node>(std::_Rb_tree_node<std::pair<unsigned int const, unsigned int>> const*, std::_Rb_tree<unsigned int, std::pair<unsigned int const, unsigned int>, std::_Select1st<std::pair<unsigned int const, unsigned int>>, std::less<unsigned int>, std::allocator<std::pair<unsigned int const, unsigned int>>>::_Reuse_or_alloc_node&)",stl_tree.h,0x41c67
"std::_Rb_tree<unsigned int, std::pair<unsigned int const, unsigned int>, std::_Select1st<std::pair<unsigned int const, unsigned int>>, std::less<unsigned int>, std::allocator<std::pair<unsigned int const, unsigned int>>>::_M_get_insert_hint_unique_pos",0.043581,0.0,0.0,0.0,0.0,0.0,0.0,0.0,0.0,0.0,0.0,0.0,0.0,0.0,0.0,140004200,0,0,0,0,0,0,0,0.0,imm,"std::_Rb_tree<unsigned int, std::pair<unsigned int const, unsigned int>, std::_Select1st<std::pair<unsigned int const, unsigned int>>, std::less<unsigned int>, std::allocator<std::pair<unsigned int const, unsigned int>>>::_M_get_insert_hint_unique_pos(std::_Rb_tree_const_iterator<std::pair<unsigned int const, unsigned int>>, unsigned int const&)",stl_tree.h,0x12150
std::_Rb_tree_insert_and_rebalance,0.043581,0.0,0.0,0.0,0.0,0.0,0.0,0.0,0.0,0.0,0.0,0.0,0.0,0.0,0.0,700021000,420012600,0,0,0,0,0,0,0.0,libstdc++.so.6.0.26,"std::_Rb_tree_insert_and_rebalance(bool, std::_Rb_tree_node_base*, std::_Rb_tree_node_base*, std::_Rb_tree_node_base&)",[Unknown],0xbced0
"std::__copy_move<(bool)1, (bool)1, std::random_access_iterator_tag>::__copy_m<unsigned int>",0.043581,0.0,0.0,0.0,0.0,0.0,0.0,0.0,0.0,0.0,0.0,0.0,0.0,0.0,0.0,0,0,0,0,0,0,0,0,0.0,imm,"unsigned int* std::__copy_move<(bool)1, (bool)1, std::random_access_iterator_tag>::__copy_m<unsigned int>(unsigned int const*, unsigned int const*, unsigned int*)",stl_algobase.h,0x303ed
"std::__copy_move<(bool)1, (bool)1, std::random_access_iterator_tag>::__copy_m<unsigned int>",0.043581,0.0,0.0,0.0,0.0,0.0,0.0,0.0,0.0,0.0,0.0,0.0,0.0,0.0,0.0,0,0,0,0,0,0,0,0,0.0,imm,"unsigned int* std::__copy_move<(bool)1, (bool)1, std::random_access_iterator_tag>::__copy_m<unsigned int>(unsigned int const*, unsigned int const*, unsigned int*)",stl_algobase.h,0x30414
"std::deque<unsigned int, std::allocator<unsigned int>>::_M_reserve_map_at_back",0.043581,0.0,0.0,0.0,0.0,0.0,0.0,0.0,0.0,0.0,0.0,0.0,0.0,0.0,0.0,0,0,0,0,0,0,0,0,0.0,imm,"std::deque<unsigned int, std::allocator<unsigned int>>::_M_reserve_map_at_back(unsigned long)",stl_deque.h,0x44e94
"std::for_each<ripples::WeightedDestination<unsigned int, float>*, ripples::Graph<unsigned int, ripples::WeightedDestination<unsigned int, float>, ripples::ForwardDirection<unsigned int>>::get_transpose(void) const::{lambda(ripples::WeightedDestination<unsigned int, float> const&)#1}>",0.043581,0.0,0.0,0.0,0.0,0.0,0.0,0.0,0.0,0.0,0.0,0.0,0.0,0.0,0.0,0,0,0,0,0,0,0,0,0.0,imm,"ripples::Graph<unsigned int, ripples::WeightedDestination<unsigned int, float>, ripples::ForwardDirection<unsigned int>>::get_transpose(void) const::{lambda(ripples::WeightedDestination<unsigned int, float> const&)#1} std::for_each<ripples::WeightedDestination<unsigned int, float>*, ripples::Graph<unsigned int, ripples::WeightedDestination<unsigned int, float>, ripples::ForwardDirection<unsigned int>>::get_transpose(void) const::{lambda(ripples::WeightedDestination<unsigned int, float> const&)#1}>(ripples::WeightedDestination<unsigned int, float>*, ripples::WeightedDestination<unsigned int, float>*, ripples::Graph<unsigned int, ripples::WeightedDestination<unsigned int, float>, ripples::ForwardDirection<unsigned int>>::get_transpose(void) const::{lambda(ripples::WeightedDestination<unsigned int, float> const&)#1})",stl_algo.h,0x42195
"std::pair<unsigned int, unsigned long>::operator=",0.043581,0.0,0.0,0.0,0.0,0.0,0.0,0.0,0.0,0.0,0.0,0.0,0.0,0.0,0.0,0,0,0,0,0,0,0,0,0.0,imm,"std::pair<unsigned int, unsigned long>::operator=(std::pair<unsigned int, unsigned long>&&)",stl_pair.h,0xed10
"std::transform<ripples::WeightedDestination<unsigned int, float>*, ripples::WeightedDestination<unsigned int, float>*, ripples::sequence_of<ripples::WeightedDestination<unsigned int, float>>::load<ripples::WeightedDestination<unsigned int, float>*, ripples::WeightedDestination<unsigned int, float>*>(void, ripples::WeightedDestination<unsigned int, float>*, ripples::WeightedDestination<unsigned int, float>*, ripples::WeightedDestination<unsigned int, float>*)::{lambda(ripples::WeightedDestination<unsigned int, float> const&)#1}>",0.043581,0.0,0.0,0.0,0.0,0.0,0.0,0.0,0.0,0.0,0.0,0.0,0.0,0.0,0.0,0,140004200,0,0,0,0,0,0,0.0,imm,"ripples::WeightedDestination<unsigned int, float>* std::transform<ripples::WeightedDestination<unsigned int, float>*, ripples::WeightedDestination<unsigned int, float>*, ripples::sequence_of<ripples::WeightedDestination<unsigned int, float>>::load<ripples::WeightedDestination<unsigned int, float>*, ripples::WeightedDestination<unsigned int, float>*>(void, ripples::WeightedDestination<unsigned int, float>*, ripples::WeightedDestination<unsigned int, float>*, ripples::WeightedDestination<unsigned int, float>*)::{lambda(ripples::WeightedDestination<unsigned int, float> const&)#1}>(ripples::WeightedDestination<unsigned int, float>*, ripples::WeightedDestination<unsigned int, float>*, ripples::WeightedDestination<unsigned int, float>*, ripples::sequence_of<ripples::WeightedDestination<unsigned int, float>>::load<ripples::WeightedDestination<unsigned int, float>*, ripples::WeightedDestination<unsigned int, float>*>(void, ripples::WeightedDestination<unsigned int, float>*, ripples::WeightedDestination<unsigned int, float>*, ripples::WeightedDestination<unsigned int, float>*)::{lambda(ripples::WeightedDestination<unsigned int, float> const&)#1})",stl_algo.h,0x51970
"std::vector<std::vector<unsigned int, std::allocator<unsigned int>>, std::allocator<std::vector<unsigned int, std::allocator<unsigned int>>>>::_M_fill_insert",0.043581,0.0,0.0,0.0,0.0,0.0,0.0,0.0,0.0,0.0,0.0,0.0,0.0,0.0,0.0,0,0,0,0,0,0,0,0,0.0,imm,"std::vector<std::vector<unsigned int, std::allocator<unsigned int>>, std::allocator<std::vector<unsigned int, std::allocator<unsigned int>>>>::_M_fill_insert(__gnu_cxx::__normal_iterator<std::vector<unsigned int, std::allocator<unsigned int>>*, std::vector<std::vector<unsigned int, std::allocator<unsigned int>>, std::allocator<std::vector<unsigned int, std::allocator<unsigned int>>>>>, unsigned long, std::vector<unsigned int, std::allocator<unsigned int>> const&)",vector.tcc,0x43a50
sysmalloc,0.043581,0.0,0.0,0.0,0.0,0.0,0.0,0.0,0.0,0.0,0.0,0.0,0.0,0.0,0.0,0,0,0,0,0,0,0,0,0.0,libc-2.29.so,sysmalloc,malloc.c,0x95d90
[Unknown stack frame(s)],0.0,0.0,0.0,0.0,0.0,0.0,0.0,0.0,0.0,0.0,0.0,0.0,0.0,0.0,0.0,3500105000,700021000,0,0,0,0,0,0,0.0,[Unknown],[Unknown stack frame(s)],[Unknown],0x0
_ZNSt4pairIKjjEC4IJRS0_EJLm0EEJEJEEERSt5tupleIJDpT_EERS4_IJDpT1_EESt12_Index_tupleIJXspT0_EEESD_IJXspT2_EEE,0.0,0.0,0.0,0.0,0.0,0.0,0.0,0.0,0.0,0.0,0.0,0.0,0.0,0.0,0.0,140004200,280008400,0,0,0,0,0,0,0.0,imm,_ZNSt4pairIKjjEC4IJRS0_EJLm0EEJEJEEERSt5tupleIJDpT_EERS4_IJDpT1_EESt12_Index_tupleIJXspT0_EEESD_IJXspT2_EEE,tuple,0x12168
"__gnu_cxx::__normal_iterator<unsigned int*, std::vector<unsigned int, std::allocator<unsigned int>>>::__normal_iterator",0.0,0.0,0.0,0.0,0.0,0.0,0.0,0.0,0.0,0.0,0.0,0.0,0.0,0.0,0.0,140004200,0,0,0,0,0,0,0,7.000000,imm,"__gnu_cxx::__normal_iterator<unsigned int*, std::vector<unsigned int, std::allocator<unsigned int>>>::__normal_iterator(unsigned int* const&)",stl_iterator.h,0xf969
alloc_perturb,0.0,0.0,0.0,0.0,0.0,0.0,0.0,0.0,0.0,0.0,0.0,0.0,0.0,0.0,0.0,280008400,0,0,0,0,0,0,0,0.0,libc-2.29.so,alloc_perturb,malloc.c,0x970f1
alloc_perturb,0.0,0.0,0.0,0.0,0.0,0.0,0.0,0.0,0.0,0.0,0.0,0.0,0.0,0.0,0.0,700021000,0,0,0,0,0,0,0,0.0,libc-2.29.so,alloc_perturb,malloc.c,0x97776
func@0x95d60,0.0,0.0,0.0,0.0,0.0,0.0,0.0,0.0,0.0,0.0,0.0,0.0,0.0,0.0,0.0,420012600,0,0,0,0,0,0,0,0.0,libstdc++.so.6.0.26,func@0x95d60,[Unknown],0x95d60
"ripples::Graph<unsigned int, ripples::WeightedDestination<unsigned int, float>, ripples::ForwardDirection<unsigned int>>::get_transpose(void) const::{lambda(ripples::WeightedDestination<unsigned int, float> const&)#1}::operator()",0.0,0.0,0.0,0.0,0.0,0.0,0.0,0.0,0.0,0.0,0.0,0.0,0.0,0.0,0.0,140004200,0,0,0,0,0,0,0,0.0,imm,"ripples::Graph<unsigned int, ripples::WeightedDestination<unsigned int, float>, ripples::ForwardDirection<unsigned int>>::get_transpose(void) const::{lambda(ripples::WeightedDestination<unsigned int, float> const&)#1}::operator()(ripples::WeightedDestination<unsigned int, float> const&) const",graph.h,0x4219e
"ripples::Graph<unsigned int, ripples::WeightedDestination<unsigned int, float>, ripples::ForwardDirection<unsigned int>>::get_transpose(void) const::{lambda(ripples::WeightedDestination<unsigned int, float>*ripples::WeightedDestination<unsigned int, float>*)#2}::operator()",0.0,0.0,0.0,0.0,0.0,0.0,0.0,0.0,0.0,0.0,0.0,0.0,0.0,0.0,0.0,140004200,0,0,0,0,0,0,0,0.0,imm,"ripples::Graph<unsigned int, ripples::WeightedDestination<unsigned int, float>, ripples::ForwardDirection<unsigned int>>::get_transpose(void) const::{lambda(ripples::WeightedDestination<unsigned int, float>*ripples::WeightedDestination<unsigned int, float>*)#2}::operator()(ripples::WeightedDestination<unsigned int, float>*, ripples::WeightedDestination<unsigned int, float>*) const",graph.h,0x421e8
"ripples::Graph<unsigned int, ripples::WeightedDestination<unsigned int, float>, ripples::ForwardDirection<unsigned int>>::load_binary<std::basic_ifstream<char, std::char_traits<char>>>",0.0,0.0,0.0,0.0,0.0,0.0,0.0,0.0,0.0,0.0,0.0,0.0,0.0,0.0,0.0,0,280008400,0,0,0,0,0,0,0.0,imm,"void ripples::Graph<unsigned int, ripples::WeightedDestination<unsigned int, float>, ripples::ForwardDirection<unsigned int>>::load_binary<std::basic_ifstream<char, std::char_traits<char>>>(std::basic_ifstream<char, std::char_traits<char>>&)",graph.h,0x516df
"ripples::Graph<unsigned int, ripples::WeightedDestination<unsigned int, float>, ripples::ForwardDirection<unsigned int>>::neighbors",0.0,0.0,0.0,0.0,0.0,0.0,0.0,0.0,0.0,0.0,0.0,0.0,0.0,0.0,0.0,140004200,0,0,0,0,0,0,0,0.0,imm,"ripples::Graph<unsigned int, ripples::WeightedDestination<unsigned int, float>, ripples::ForwardDirection<unsigned int>>::neighbors(unsigned int) const",graph.h,0x42258
"ripples::WeightedDestination<unsigned int, float>::WeightedDestination",0.0,,0.0,0.0,0.0,0.0,0.0,0.0,0.0,0.0,0.0,0.0,0.0,0.0,0.0,0,140004200,0,0,0,0,0,0,0.0,imm,"ripples::WeightedDestination<unsigned int, float>::WeightedDestination(unsigned int, float)",graph.h,0x42130
"ripples::sequence_of<ripples::WeightedDestination<unsigned int, float>>::load<ripples::WeightedDestination<unsigned int, float>*, ripples::WeightedDestination<unsigned int, float>*>(ripples::WeightedDestination<unsigned int, float>*, ripples::WeightedDestination<unsigned int, float>*, ripples::WeightedDestination<unsigned int, float>*)::{lambda(ripples::WeightedDestination<unsigned int, float> const&)#1}::operator()",0.0,0.0,0.0,0.0,0.0,0.0,0.0,0.0,0.0,0.0,0.0,0.0,0.0,0.0,0.0,140004200,0,0,0,0,0,0,0,0.0,imm,"ripples::sequence_of<ripples::WeightedDestination<unsigned int, float>>::load<ripples::WeightedDestination<unsigned int, float>*, ripples::WeightedDestination<unsigned int, float>*>(ripples::WeightedDestination<unsigned int, float>*, ripples::WeightedDestination<unsigned int, float>*, ripples::WeightedDestination<unsigned int, float>*)::{lambda(ripples::WeightedDestination<unsigned int, float> const&)#1}::operator()(ripples::WeightedDestination<unsigned int, float> const&) const",utility.h,0x51978
"std::_Rb_tree<unsigned int, std::pair<unsigned int const, unsigned int>, std::_Select1st<std::pair<unsigned int const, unsigned int>>, std::less<unsigned int>, std::allocator<std::pair<unsigned int const, unsigned int>>>::_M_emplace_hint_unique<std::piecewise_construct_t const&, std::tuple<unsigned int const&>, std::tuple<>>",0.0,0.0,0.0,0.0,0.0,0.0,0.0,0.0,0.0,0.0,0.0,0.0,0.0,0.0,0.0,140004200,0,0,0,0,0,0,0,0.0,imm,"std::_Rb_tree_iterator<std::pair<unsigned int const, unsigned int>> std::_Rb_tree<unsigned int, std::pair<unsigned int const, unsigned int>, std::_Select1st<std::pair<unsigned int const, unsigned int>>, std::less<unsigned int>, std::allocator<std::pair<unsigned int const, unsigned int>>>::_M_emplace_hint_unique<std::piecewise_construct_t const&, std::tuple<unsigned int const&>, std::tuple<>>(std::_Rb_tree_const_iterator<std::pair<unsigned int const, unsigned int>>, std::piecewise_construct_t const&&&)",stl_tree.h,0x12140
"std::_Rb_tree<unsigned int, std::pair<unsigned int const, unsigned int>, std::_Select1st<std::pair<unsigned int const, unsigned int>>, std::less<unsigned int>, std::allocator<std::pair<unsigned int const, unsigned int>>>::_M_insert_node",0.0,0.0,0.0,0.0,0.0,0.0,0.0,0.0,0.0,0.0,0.0,0.0,0.0,0.0,0.0,0,140004200,0,0,0,0,0,0,0.0,imm,"std::_Rb_tree<unsigned int, std::pair<unsigned int const, unsigned int>, std::_Select1st<std::pair<unsigned int const, unsigned int>>, std::less<unsigned int>, std::allocator<std::pair<unsigned int const, unsigned int>>>::_M_insert_node(std::_Rb_tree_node_base*, std::_Rb_tree_node_base*, std::_Rb_tree_node<std::pair<unsigned int const, unsigned int>>*)",stl_tree.h,0x1222c
"std::_Rb_tree<unsigned int, std::pair<unsigned int const, unsigned int>, std::_Select1st<std::pair<unsigned int const, unsigned int>>, std::less<unsigned int>, std::allocator<std::pair<unsigned int const, unsigned int>>>::_Reuse_or_alloc_node::_M_extract",0.0,0.0,0.0,0.0,0.0,0.0,0.0,0.0,0.0,0.0,0.0,0.0,0.0,0.0,0.0,140004200,0,0,0,0,0,0,0,0.0,imm,"std::_Rb_tree<unsigned int, std::pair<unsigned int const, unsigned int>, std::_Select1st<std::pair<unsigned int const, unsigned int>>, std::less<unsigned int>, std::allocator<std::pair<unsigned int const, unsigned int>>>::_Reuse_or_alloc_node::_M_extract(void)",stl_tree.h,0x41c67
"std::transform<ripples::WeightedDestination<unsigned int, float>**, ripples::WeightedDestination<unsigned int, float>**, ripples::Graph<unsigned int, ripples::WeightedDestination<unsigned int, float>, ripples::ForwardDirection<unsigned int>>::load_binary<std::basic_ifstream<char, std::char_traits<char>>>(void, ripples::WeightedDestination<unsigned int, float>**&)::{lambda(ripples::WeightedDestination<unsigned int, float>*)#1}>",0.0,,0.0,0.0,0.0,0.0,0.0,0.0,0.0,0.0,0.0,0.0,0.0,0.0,0.0,0,140004200,0,0,0,0,0,0,0.0,imm,"ripples::WeightedDestination<unsigned int, float>** std::transform<ripples::WeightedDestination<unsigned int, float>**, ripples::WeightedDestination<unsigned int, float>**, ripples::Graph<unsigned int, ripples::WeightedDestination<unsigned int, float>, ripples::ForwardDirection<unsigned int>>::load_binary<std::basic_ifstream<char, std::char_traits<char>>>(void, ripples::WeightedDestination<unsigned int, float>**&)::{lambda(ripples::WeightedDestination<unsigned int, float>*)#1}>(ripples::WeightedDestination<unsigned int, float>**, ripples::WeightedDestination<unsigned int, float>**, ripples::WeightedDestination<unsigned int, float>**, ripples::Graph<unsigned int, ripples::WeightedDestination<unsigned int, float>, ripples::ForwardDirection<unsigned int>>::load_binary<std::basic_ifstream<char, std::char_traits<char>>>(void, ripples::WeightedDestination<unsigned int, float>**&)::{lambda(ripples::WeightedDestination<unsigned int, float>*)#1})",stl_algo.h,0x51910
"std::vector<unsigned int, std::allocator<unsigned int>>::operator[]",0.0,0.0,0.0,0.0,0.0,0.0,0.0,0.0,0.0,0.0,0.0,0.0,0.0,0.0,0.0,280008400,0,0,0,0,0,0,0,0.0,imm,"std::vector<unsigned int, std::allocator<unsigned int>>::operator[](unsigned long)",stl_vector.h,0x51760
