Function,CPU Time,Memory Bound(%),Memory Bound:L1 Bound(%),Memory Bound:L2 Bound(%),Memory Bound:L3 Bound(%),Memory Bound:DRAM Bound(%),Memory Bound:Store Bound(%),Loads,Stores,LLC Miss Count,LLC Miss Count:Local DRAM Access Count,LLC Miss Count:Remote DRAM Access Count,LLC Miss Count:Remote Cache Access Count,Average Latency (cycles),Module,Function (Full),Source File,Start Address
buildLocalMapCounter,31090.513078,61.8,6.4,1.6,8.9,58.7,0.0,17155378645920,1297766931840,197389816320,108391586880,80885661600,1968137760,14.646296,driverForGraphClustering,"buildLocalMapCounter(long, long, std::map<long, long, std::less<long>, std::allocator<std::pair<long const, long>>>&, std::vector<double, std::allocator<double>>&, edge*, long*, long)",utilityClusteringFunctions.cpp,0x43dea0
"_INTERNAL_25_______src_kmp_barrier_cpp_ddfed41b::__kmp_wait_template<kmp_flag_64, (int)1, (bool)0, (bool)1>",5738.184313,9.3,8.8,0.0,0.0,0.0,0.0,4763806909920,431244936960,0,0,0,0,6.795873,libiomp5.so,"bool _INTERNAL_25_______src_kmp_barrier_cpp_ddfed41b::__kmp_wait_template<kmp_flag_64, (int)1, (bool)0, (bool)1>(kmp_info*, kmp_flag_64*, void*)",kmp_wait_release.h,0x62210
max,5366.898340,72.1,0.5,0.0,6.0,76.4,0.0,1372505173920,40129203840,76373345760,16081125600,60052203360,384026880,34.781100,driverForGraphClustering,"max(std::map<long, long, std::less<long>, std::allocator<std::pair<long const, long>>>&, std::vector<double, std::allocator<double>>&, double, comm*, double, long, double)",utilityClusteringFunctions.cpp,0x43e9b0
_int_free,2026.579723,0.0,16.0,0.7,0.0,0.1,1.8,2898806961600,1281254436480,0,48003360,0,0,8.326395,libc-2.29.so,_int_free,malloc.c,0x950c0
std::_Rb_tree_insert_and_rebalance,1889.612617,0.0,23.4,0.7,0.2,0.9,0.0,2642335267680,1341928256640,0,0,0,0,7.015858,libstdc++.so.6.0.26,"std::_Rb_tree_insert_and_rebalance(bool, std::_Rb_tree_node_base*, std::_Rb_tree_node_base*, std::_Rb_tree_node_base&)",[Unknown],0xbced0
__GI___libc_malloc,1785.749818,0.0,21.4,0.4,0.2,1.1,0.0,1905897175200,582641478720,0,0,0,0,8.900488,libc-2.29.so,__GI___libc_malloc,malloc.c,0x98a40
_int_malloc,1565.394378,3.7,22.7,3.3,0.4,0.7,0.0,1242037260000,1115265456960,48003360,48003360,0,0,14.126593,libc-2.29.so,_int_malloc,malloc.c,0x966c0
__GI_,765.713582,0.0,26.0,1.1,0.3,0.3,0.0,1128129842880,155908677120,0,0,0,0,7.661643,libc-2.29.so,"float __GI_(long, int, bool, char)",malloc.c,0x991d0
plm_analyzeClusters$omp$parallel_for@64,640.042733,2.0,18.9,0.3,1.5,8.7,2.8,675092252160,322857685440,1008070560,672047040,48003360,0,9.375365,driverForGraphClustering,plm_analyzeClusters$omp$parallel_for@64,parallelLouvainMethod-nrt.cpp,0x432084
"_INTERNAL_25_______src_kmp_barrier_cpp_ddfed41b::__kmp_wait_template<kmp_flag_64, (int)0, (bool)0, (bool)1>",638.473808,10.6,6.9,0.0,0.0,0.0,0.0,496958908320,47905437120,0,0,0,0,6.776038,libiomp5.so,"bool _INTERNAL_25_______src_kmp_barrier_cpp_ddfed41b::__kmp_wait_template<kmp_flag_64, (int)0, (bool)0, (bool)1>(kmp_info*, kmp_flag_64*, void*)",kmp_wait_release.h,0x62cf8
tcache_get,275.816920,0.0,16.4,1.9,0.3,0.9,0.0,274616238240,754294628160,0,0,0,0,8.110457,libc-2.29.so,tcache_get,malloc.c,0x98bd9
parallelLouvianMethod$omp$parallel_for@237,273.541979,80.5,4.8,50.6,10.1,7.1,8.1,37873136160,19968599040,0,144010080,0,0,85.647727,driverForGraphClustering,parallelLouvianMethod$omp$parallel_for@237,parallelLouvainMethod-nrt.cpp,0x4315d0
malloc_consolidate,262.402616,0.0,19.1,7.9,0.6,0.7,0.0,297656929440,105795173760,0,0,0,0,9.603922,libc-2.29.so,malloc_consolidate,malloc.c,0x94880
operator new,239.339426,0.0,18.9,0.0,2.2,1.9,0.0,55585667520,63361900800,0,0,0,0,7.295400,libstdc++.so.6.0.26,operator new(unsigned long),[Unknown],0xa5a10
plm_init$omp$parallel_for@285,218.080500,87.3,0.2,0.0,0.2,0.0,79.6,0,26016780480,0,0,0,0,0.0,driverForGraphClustering,plm_init$omp$parallel_for@285,parallelLouvainMethod-nrt.cpp,0x432990
__intel_ssse3_rep_memmove,214.785758,0.0,10.8,4.8,0.6,1.9,0.8,163876916160,151396541760,0,0,0,0,13.111111,driverForGraphClustering,__intel_ssse3_rep_memmove,[Unknown],0x47bf30
func@0xbcd30,209.765200,0.0,18.4,0.0,0.0,7.4,0.0,212262367680,0,0,0,0,0,6.970395,libstdc++.so.6.0.26,func@0xbcd30,[Unknown],0xbcd30
std::_Rb_tree_increment,202.077470,17.2,15.7,5.9,0.0,29.1,0.0,269144074080,0,0,0,0,48003360,7.766850,libstdc++.so.6.0.26,std::_Rb_tree_increment(std::_Rb_tree_node_base*),[Unknown],0xbcd90
"std::_Rb_tree_iterator<std::pair<long const, long>>::operator!=",175.797986,7.2,16.1,1.4,4.5,14.7,0.0,280952428320,0,0,0,0,96006720,7.292398,driverForGraphClustering,"std::_Rb_tree_iterator<std::pair<long const, long>>::operator!=(std::_Rb_tree_iterator<std::pair<long const, long>> const&) const",stl_tree.h,0x43e036
"std::vector<double, std::allocator<double>>::push_back",133.437025,0.2,16.5,,1.7,,0.0,136948108320,16320489600,0,0,0,0,7.205172,driverForGraphClustering,"std::vector<double, std::allocator<double>>::push_back(double const&)",stl_vector.h,0x43e507
"__gnu_cxx::new_allocator<double>::construct<double, double const&>",125.121726,36.4,0.0,0.7,7.6,53.4,0.0,64945948320,108387251520,768053760,384026880,144010080,0,10.559184,driverForGraphClustering,"void __gnu_cxx::new_allocator<double>::construct<double, double const&>(double*, double const&&&)",new_allocator.h,0x43e5e7
operator delete,117.433996,0.0,27.1,0.0,1.0,0.5,0.2,0,0,0,0,0,0,0.0,libstdc++.so.6.0.26,operator delete(void*),[Unknown],0xa3d60
"__gnu_cxx::new_allocator<std::_Rb_tree_node<std::pair<long const, long>>>::allocate",107.471325,0.0,26.0,1.9,0.0,3.3,0.0,21456643680,737494124160,0,0,0,0,7.235669,driverForGraphClustering,"__gnu_cxx::new_allocator<std::_Rb_tree_node<std::pair<long const, long>>>::allocate(unsigned long, void const*)",new_allocator.h,0x43e153
parallelLouvianMethod$omp$parallel_for@210,105.039492,67.1,8.5,37.8,1.3,31.3,0.0,12960388800,0,336023520,432030240,0,0,93.733333,driverForGraphClustering,parallelLouvianMethod$omp$parallel_for@210,parallelLouvainMethod-nrt.cpp,0x4318e3
"std::_Rb_tree<long, std::pair<long const, long>, std::_Select1st<std::pair<long const, long>>, std::less<long>, std::allocator<std::pair<long const, long>>>::_M_erase",89.820925,0.0,19.0,4.5,0.0,0.0,0.3,97922937600,14688440640,0,0,0,0,7.418182,driverForGraphClustering,"std::_Rb_tree<long, std::pair<long const, long>, std::_Select1st<std::pair<long const, long>>, std::less<long>, std::allocator<std::pair<long const, long>>>::_M_erase(std::_Rb_tree_node<std::pair<long const, long>>*)",stl_tree.h,0x41ece0
tcache_put,86.055507,1.2,18.7,0.7,0.4,0.0,11.5,46081382400,342154264320,0,0,0,0,7.492754,libc-2.29.so,tcache_put,malloc.c,0x95390
func@0x967a0,78.132438,0.0,19.3,0.7,0.4,0.0,0.0,254167624800,0,0,0,0,0,7.181818,libstdc++.so.6.0.26,func@0x967a0,[Unknown],0x967a0
tcache_put,72.248971,25.9,30.1,,0.0,,0.0,0,288008640,0,0,0,0,17.637987,libc-2.29.so,tcache_put,malloc.c,0x967bc
kmp_flag_native<unsigned long long>::get,68.169768,0.3,0.4,0.0,0.0,0.0,0.0,0,0,0,0,0,0,7.029268,libiomp5.so,kmp_flag_native<unsigned long long>::get(void),kmp_wait_release.h,0x6253a
unlink_chunk,60.795823,0.0,20.5,2.4,0.0,0.5,0.0,94178825280,143716311360,48003360,0,0,0,7.915309,libc-2.29.so,unlink_chunk,malloc.c,0x94987
"std::_Rb_tree<long, std::pair<long const, long>, std::_Select1st<std::pair<long const, long>>, std::less<long>, std::allocator<std::pair<long const, long>>>::_M_get_insert_hint_unique_pos",58.050205,0.0,11.5,0.0,0.0,0.6,0.0,84386531520,49441483200,0,0,0,0,7.650558,driverForGraphClustering,"std::_Rb_tree<long, std::pair<long const, long>, std::_Select1st<std::pair<long const, long>>, std::less<long>, std::allocator<std::pair<long const, long>>>::_M_get_insert_hint_unique_pos(std::_Rb_tree_const_iterator<std::pair<long const, long>>, long const&)",stl_tree.h,0x41f0d0
"std::__copy_move<(bool)1, (bool)1, std::random_access_iterator_tag>::__copy_m<double>",53.971001,3.1,15.6,0.0,4.6,1.2,0.0,10080302400,2496074880,0,0,0,0,7.196319,driverForGraphClustering,"double* std::__copy_move<(bool)1, (bool)1, std::random_access_iterator_tag>::__copy_m<double>(double const*, double const*, double*)",stl_algobase.h,0x43e583
__gnu_cxx::new_allocator<double>::allocate,53.814109,0.0,19.9,4.4,0.6,1.2,0.0,3600108000,62209866240,0,0,0,0,7.311111,driverForGraphClustering,"__gnu_cxx::new_allocator<double>::allocate(unsigned long, void const*)",new_allocator.h,0x43e707
"std::_Rb_tree_iterator<std::pair<long const, long>>::operator++",53.264985,30.2,12.9,0.0,0.0,51.1,0.0,0,168677060160,0,0,0,48003360,0.0,driverForGraphClustering,"std::_Rb_tree_iterator<std::pair<long const, long>>::operator++(int)",stl_tree.h,0x43ea81
func@0x404360,46.518610,0.4,24.8,0.0,0.0,0.0,12.1,117363520800,0,0,0,0,0,7.161058,driverForGraphClustering,func@0x404360,[Unknown],0x404360
func@0x4043a0,43.929885,0.0,18.5,0.7,0.0,2.1,0.0,201750052320,0,0,0,0,0,7.294931,driverForGraphClustering,func@0x4043a0,[Unknown],0x4043a0
sumVertexDegree$omp$parallel_for@74,39.615343,91.0,7.1,0.0,1.6,100.0,0.0,2448073440,192005760,144010080,144010080,0,0,138.000000,driverForGraphClustering,sumVertexDegree$omp$parallel_for@74,utilityClusteringFunctions.cpp,0x43d8ec
unlink_chunk,34.751677,0.0,16.5,9.9,0.0,2.5,0.0,24048721440,11424342720,0,0,0,0,12.476190,libc-2.29.so,unlink_chunk,malloc.c,0x93760
"std::vector<double, std::allocator<double>>::_M_realloc_insert<double const&>",34.280999,0.2,24.2,0.0,0.0,0.8,0.0,0,50881526400,0,0,0,0,0.0,driverForGraphClustering,"void std::vector<double, std::allocator<double>>::_M_realloc_insert<double const&>(__gnu_cxx::__normal_iterator<double*, std::vector<double, std::allocator<double>>>, double const&&&)",stl_vector.h,0x43e517
func@0x95d60,31.849166,3.2,18.1,1.0,0.0,4.0,0.0,402924087360,0,0,0,0,0,7.121140,libstdc++.so.6.0.26,func@0x95d60,[Unknown],0x95d60
"std::vector<double, std::allocator<double>>::operator[]",30.123350,0.0,19.2,0.0,5.1,2.0,0.0,194837844960,0,0,0,0,0,7.199832,driverForGraphClustering,"std::vector<double, std::allocator<double>>::operator[](unsigned long)",stl_vector.h,0x43e044
entry_SYSCALL_64,29.574226,0.7,9.8,0.0,0.0,0.0,1.1,1440043200,2496074880,0,0,0,0,14.125000,vmlinux,entry_SYSCALL_64,[Unknown],0xffffffffaf800010
free_perturb,28.946656,0.0,13.8,0.0,0.9,0.0,0.0,22032660960,0,0,0,0,0,7.461847,libc-2.29.so,free_perturb,malloc.c,0x95192
func@0x404080,28.240640,0.3,23.7,1.0,1.0,1.0,0.0,138820164480,0,0,0,0,0,7.408163,driverForGraphClustering,func@0x404080,[Unknown],0x404080
__gnu_cxx::new_allocator<double>::deallocate,28.162194,0.0,28.9,0.0,3.2,0.0,0.0,16128483840,18240547200,0,0,0,0,7.250000,driverForGraphClustering,"__gnu_cxx::new_allocator<double>::deallocate(double*, unsigned long)",new_allocator.h,0x43e5b3
__kmpc_atomic_float8_add,26.436377,65.2,12.6,0.0,26.3,48.6,0.0,1296038880,576017280,144010080,48003360,48003360,0,273.000000,libiomp5.so,__kmpc_atomic_float8_add,kmp_atomic.cpp,0x458c0
"std::vector<double, std::allocator<double>>::_M_check_len",25.730361,0.0,4.8,2.4,0.0,4.8,0.0,0,0,0,0,0,0,0.0,driverForGraphClustering,"std::vector<double, std::allocator<double>>::_M_check_len(unsigned long, char const*) const",stl_vector.h,0x43e517
update_curr,24.239883,0.0,7.6,2.5,1.3,16.4,0.0,18720561600,20064601920,0,48003360,0,0,8.044444,vmlinux,update_curr,[Unknown],0xffffffffaecd2fd0
_intel_fast_memmove,24.082990,0.0,18.8,2.9,0.0,2.9,0.0,101667049920,3072092160,0,0,0,0,8.250000,driverForGraphClustering,_intel_fast_memmove,[Unknown],0x46b430
pick_next_task_fair,23.847652,0.0,11.9,0.0,2.6,0.0,0.0,42481274400,28224846720,0,0,0,0,8.712121,vmlinux,pick_next_task_fair,[Unknown],0xffffffffaecdac90
"std::map<long, long, std::less<long>, std::allocator<std::pair<long const, long>>>::operator[]",22.827851,0.0,25.0,0.0,2.6,0.0,0.0,28080842400,164644939200,0,0,0,0,7.281553,driverForGraphClustering,"std::map<long, long, std::less<long>, std::allocator<std::pair<long const, long>>>::operator[](long const&)",stl_map.h,0x43e05e
sched_yield,21.808050,6.6,8.8,1.5,0.0,0.0,0.0,9648289440,0,0,0,0,0,7.000000,libc-2.29.so,sched_yield,syscall-template.S,0x101860
__schedule,21.102034,0.0,9.6,0.0,0.0,0.0,0.0,28800864000,17568527040,0,0,0,0,9.118644,vmlinux,__schedule,[Unknown],0xffffffffaf64a700
__gnu_cxx::new_allocator<double>::allocate,21.023588,0.0,34.8,0.0,0.0,0.0,0.0,10800324000,52129563840,0,0,0,0,9.982759,driverForGraphClustering,"__gnu_cxx::new_allocator<double>::allocate(unsigned long, void const*)",new_allocator.h,0x4327e9
"__gnu_cxx::new_allocator<std::_Rb_tree_node<std::pair<long const, long>>>::deallocate",18.905540,0.0,15.4,0.0,3.4,0.0,3.4,0,22464673920,0,0,0,0,0.0,driverForGraphClustering,"__gnu_cxx::new_allocator<std::_Rb_tree_node<std::pair<long const, long>>>::deallocate(std::_Rb_tree_node<std::pair<long const, long>>*, unsigned long)",new_allocator.h,0x432723
_raw_spin_lock,18.670201,4.3,22.1,0.0,5.5,3.7,0.0,14112423360,14304429120,0,0,0,0,15.333333,vmlinux,_raw_spin_lock,[Unknown],0xffffffffaf650560
"std::__copy_move<(bool)1, (bool)1, std::random_access_iterator_tag>::__copy_m<double>",18.591755,0.0,14.3,0.0,0.0,0.0,0.0,0,0,0,0,0,0,0.0,driverForGraphClustering,"double* std::__copy_move<(bool)1, (bool)1, std::random_access_iterator_tag>::__copy_m<double>(double const*, double const*, double*)",stl_algobase.h,0x43246d
"std::_Vector_base<double, std::allocator<double>>::_M_allocate",17.179723,0.3,9.1,0.0,0.0,0.0,0.0,4896146880,0,0,0,0,0,11.965517,driverForGraphClustering,"std::_Vector_base<double, std::allocator<double>>::_M_allocate(unsigned long)",stl_vector.h,0x43243b
tcache_get,16.003029,0.0,24.5,0.0,0.0,0.0,0.0,28080842400,13152394560,0,0,0,0,7.450980,libc-2.29.so,tcache_get,malloc.c,0x974b8
"std::vector<double, std::allocator<double>>::_M_check_len",15.218567,0.0,5.9,2.0,0.0,0.0,0.0,32400972000,25920777600,0,0,0,0,13.032258,driverForGraphClustering,"std::vector<double, std::allocator<double>>::_M_check_len(unsigned long, char const*) const",stl_vector.h,0x4323ea
func@0x4042b0,14.747890,0.0,4.2,2.1,0.0,20.8,0.0,210822324480,0,0,0,0,0,7.823970,driverForGraphClustering,func@0x4042b0,[Unknown],0x4042b0
"std::_Rb_tree<long, std::pair<long const, long>, std::_Select1st<std::pair<long const, long>>, std::less<long>, std::allocator<std::pair<long const, long>>>::_M_erase",14.198766,0.0,42.3,1.9,0.0,0.0,0.0,0,0,0,0,0,0,0.0,driverForGraphClustering,"std::_Rb_tree<long, std::pair<long const, long>, std::_Select1st<std::pair<long const, long>>, std::less<long>, std::allocator<std::pair<long const, long>>>::_M_erase(std::_Rb_tree_node<std::pair<long const, long>>*)",stl_tree.h,0x41ece0
"std::_Rb_tree<long, std::pair<long const, long>, std::_Select1st<std::pair<long const, long>>, std::less<long>, std::allocator<std::pair<long const, long>>>::_M_erase",13.728089,0.0,19.9,4.0,0.0,0.0,0.0,0,0,0,0,0,0,0.0,driverForGraphClustering,"std::_Rb_tree<long, std::pair<long const, long>, std::_Select1st<std::pair<long const, long>>, std::less<long>, std::allocator<std::pair<long const, long>>>::_M_erase(std::_Rb_tree_node<std::pair<long const, long>>*)",stl_tree.h,0x41ece0
renumberClustersContiguously,13.571197,66.7,37.9,3.6,0.0,0.0,0.0,10368311040,288008640,48003360,0,0,0,11.954545,driverForGraphClustering,"renumberClustersContiguously(long*, long)",buildNextPhase.cpp,0x451000
"__gnu_cxx::new_allocator<std::_Rb_tree_node<std::pair<long const, long>>>::deallocate",13.492750,0.0,13.9,6.0,0.0,0.0,2.0,0,6048181440,0,0,0,0,0.0,driverForGraphClustering,"__gnu_cxx::new_allocator<std::_Rb_tree_node<std::pair<long const, long>>>::deallocate(std::_Rb_tree_node<std::pair<long const, long>>*, unsigned long)",new_allocator.h,0x43270f
__calc_delta,13.414304,0.0,9.6,0.0,2.4,0.0,0.0,8640259200,288008640,0,0,0,0,7.000000,vmlinux,__calc_delta,[Unknown],0xffffffffaeccdda0
"__gnu_cxx::new_allocator<std::_Rb_tree_node<std::pair<long const, long>>>::deallocate",13.178965,0.0,20.3,2.0,0.0,0.0,0.0,0,4416132480,0,0,0,0,0.0,driverForGraphClustering,"__gnu_cxx::new_allocator<std::_Rb_tree_node<std::pair<long const, long>>>::deallocate(std::_Rb_tree_node<std::pair<long const, long>>*, unsigned long)",new_allocator.h,0x4326fb
"__gnu_cxx::new_allocator<std::_Rb_tree_node<std::pair<long const, long>>>::deallocate",13.022073,0.0,12.9,0.0,0.0,0.0,0.0,0,4320129600,0,0,0,0,0.0,driverForGraphClustering,"__gnu_cxx::new_allocator<std::_Rb_tree_node<std::pair<long const, long>>>::deallocate(std::_Rb_tree_node<std::pair<long const, long>>*, unsigned long)",new_allocator.h,0x4326e7
clear_page_erms,12.394503,95.2,0.0,0.0,0.0,2.7,80.2,0,96002880,0,0,0,0,0.0,vmlinux,clear_page_erms,[Unknown],0xffffffffaf63c070
native_sched_clock,12.237611,5.6,22.7,,0.0,,0.0,7776233280,0,0,0,0,0,8.200000,vmlinux,native_sched_clock,[Unknown],0xffffffffaec38f10
ktime_get,12.002272,85.2,72.6,0.0,29.6,2.7,0.0,0,96002880,0,0,0,0,11.000000,vmlinux,ktime_get,[Unknown],0xffffffffaed25d90
cgroup_rstat_updated,11.060917,0.0,9.7,,6.5,,0.0,7488224640,8256247680,0,0,0,0,16.125000,vmlinux,cgroup_rstat_updated,[Unknown],0xffffffffaed515c0
copy_user_enhanced_fast_string,10.825579,47.3,16.5,,27.5,,5.5,1008030240,672020160,0,0,0,0,22.142857,vmlinux,copy_user_enhanced_fast_string,[Unknown],0xffffffffaf63c560
task_tick_fair,10.825579,68.8,25.5,0.0,20.9,32.5,0.0,1296038880,192005760,96006720,48003360,0,0,113.600000,vmlinux,task_tick_fair,[Unknown],0xffffffffaecd77c0
"__gnu_cxx::__aligned_membuf<std::pair<long const, long>>::_M_addr",10.590240,22.3,52.2,0.0,3.3,0.0,0.0,0,0,0,0,0,0,0.0,driverForGraphClustering,"__gnu_cxx::__aligned_membuf<std::pair<long const, long>>::_M_addr(void)",aligned_buffer.h,0x43e16c
"__gnu_cxx::new_allocator<std::_Rb_tree_node<std::pair<long const, long>>>::deallocate",10.511794,0.0,18.9,2.4,0.0,0.0,0.0,0,16224486720,0,0,0,0,0.0,driverForGraphClustering,"__gnu_cxx::new_allocator<std::_Rb_tree_node<std::pair<long const, long>>>::deallocate(std::_Rb_tree_node<std::pair<long const, long>>*, unsigned long)",new_allocator.h,0x41ed73
std::_Rb_tree_decrement,10.433348,0.0,20.3,0.0,0.0,8.7,0.0,0,0,0,0,0,0,0.0,libstdc++.so.6.0.26,std::_Rb_tree_decrement(std::_Rb_tree_node_base*),[Unknown],0xbcdf0
"std::_Rb_tree_iterator<std::pair<long const, long>>::operator!=",10.119563,5.5,3.4,3.4,3.4,3.4,0.0,0,0,0,0,0,0,0.0,driverForGraphClustering,"std::_Rb_tree_iterator<std::pair<long const, long>>::operator!=(std::_Rb_tree_iterator<std::pair<long const, long>> const&) const",stl_tree.h,0x43ea89
get_max_fast,9.727332,0.0,20.4,2.9,0.0,0.0,0.0,0,0,0,0,0,0,0.0,libc-2.29.so,get_max_fast,malloc.c,0x9670a
"__gnu_cxx::new_allocator<std::_Rb_tree_node<std::pair<long const, long>>>::deallocate",9.648885,0.0,0.0,21.9,0.0,0.0,0.0,0,16032480960,0,0,0,0,0.0,driverForGraphClustering,"__gnu_cxx::new_allocator<std::_Rb_tree_node<std::pair<long const, long>>>::deallocate(std::_Rb_tree_node<std::pair<long const, long>>*, unsigned long)",new_allocator.h,0x41ed5f
pick_next_entity,9.178208,0.0,15.9,0.0,0.0,0.0,0.0,24912747360,3840115200,0,0,0,0,7.238095,vmlinux,pick_next_entity,[Unknown],0xffffffffaeccee90
update_min_vruntime,8.550638,0.0,23.2,0.0,3.9,7.7,0.0,9504285120,6336190080,0,0,0,0,7.305556,vmlinux,update_min_vruntime,[Unknown],0xffffffffaeccde80
__kmpc_atomic_float8_sub,8.315300,32.7,4.6,22.9,0.0,59.4,0.0,2160064800,480014400,48003360,48003360,48003360,0,7.000000,libiomp5.so,__kmpc_atomic_float8_sub,kmp_atomic.cpp,0x45910
apic_timer_interrupt,8.158407,90.6,4.7,14.1,9.4,14.1,0.0,0,0,0,0,0,0,0.0,vmlinux,apic_timer_interrupt,[Unknown],0xffffffffaf801a60
"std::_Vector_base<double, std::allocator<double>>::_Vector_impl::_Vector_impl",7.844622,18.2,19.0,0.0,3.8,0.0,0.0,0,6336190080,0,0,0,0,0.0,driverForGraphClustering,"std::_Vector_base<double, std::allocator<double>>::_Vector_impl::_Vector_impl(void)",stl_vector.h,0x4224c0
"std::_Rb_tree<long, std::pair<long const, long>, std::_Select1st<std::pair<long const, long>>, std::less<long>, std::allocator<std::pair<long const, long>>>::_S_right",7.766176,0.0,10.5,10.5,0.0,0.0,0.0,13824414720,0,0,0,0,0,8.384615,driverForGraphClustering,"std::_Rb_tree<long, std::pair<long const, long>, std::_Select1st<std::pair<long const, long>>, std::less<long>, std::allocator<std::pair<long const, long>>>::_S_right(std::_Rb_tree_node_base*)",stl_tree.h,0x41ed19
syscall_return_via_sysret,7.687730,0.0,11.6,0.0,0.0,0.0,0.0,29808894240,1536046080,0,0,0,0,8.106383,vmlinux,syscall_return_via_sysret,[Unknown],0xffffffffaf8000f1
ktime_get_update_offsets_now,7.373945,60.1,40.8,0.0,32.7,12.2,0.0,0,96002880,0,0,0,0,0.0,vmlinux,ktime_get_update_offsets_now,[Unknown],0xffffffffaed26be0
do_syscall_64,7.217053,0.0,9.6,0.0,4.8,0.0,0.0,11664349920,21504645120,0,0,0,0,9.620690,vmlinux,do_syscall_64,[Unknown],0xffffffffaec04210
"__gnu_cxx::new_allocator<double>::construct<double, double const&>",6.981714,18.2,6.0,0.0,3.0,18.0,0.0,20448613440,28512855360,0,0,0,0,7.083333,driverForGraphClustering,"void __gnu_cxx::new_allocator<double>::construct<double, double const&>(double*, double const&&&)",new_allocator.h,0x43e575
cpuacct_charge,6.981714,1.9,7.3,0.0,7.3,3.7,0.0,11952358560,3072092160,0,0,0,0,7.187500,vmlinux,cpuacct_charge,[Unknown],0xffffffffaecee270
entry_SYSCALL_64_after_hwframe,6.903268,0.0,8.6,0.0,0.0,0.0,4.3,3600108000,9504285120,0,0,0,0,7.111111,vmlinux,entry_SYSCALL_64_after_hwframe,[Unknown],0xffffffffaf800048
"std::_Rb_tree<long, std::pair<long const, long>, std::_Select1st<std::pair<long const, long>>, std::less<long>, std::allocator<std::pair<long const, long>>>::_S_right",6.824821,0.0,33.3,4.8,0.0,0.0,0.0,11520345600,0,0,0,0,0,9.083333,driverForGraphClustering,"std::_Rb_tree<long, std::pair<long const, long>, std::_Select1st<std::pair<long const, long>>, std::less<long>, std::allocator<std::pair<long const, long>>>::_S_right(std::_Rb_tree_node_base*)",stl_tree.h,0x41ed22
_INTERNAL_25_______src_kmp_barrier_cpp_ddfed41b::__kmp_hyper_barrier_gather,6.746375,-0.0,0.0,0.0,0.0,0.0,0.0,0,0,0,0,0,0,7.000000,libiomp5.so,"_INTERNAL_25_______src_kmp_barrier_cpp_ddfed41b::__kmp_hyper_barrier_gather(barrier_type, kmp_info*, int, int, void (*)(void*, void*), void*)",kmp_barrier.cpp,0x62b80
"std::vector<double, std::allocator<double>>::_M_realloc_insert<double>",6.746375,4.2,20.4,0.0,0.0,0.0,0.0,35281058400,0,0,0,0,0,8.621951,driverForGraphClustering,"void std::vector<double, std::allocator<double>>::_M_realloc_insert<double>(__gnu_cxx::__normal_iterator<double*, std::vector<double, std::allocator<double>>>, double&&)",stl_vector.h,0x4323ea
"__gnu_cxx::new_allocator<std::_Rb_tree_node<std::pair<long const, long>>>::allocate",6.667929,0.0,0.0,9.0,0.0,0.0,0.0,0,1632048960,0,0,0,0,0.0,driverForGraphClustering,"__gnu_cxx::new_allocator<std::_Rb_tree_node<std::pair<long const, long>>>::allocate(unsigned long, void const*)",new_allocator.h,0x43234f
"__gnu_cxx::new_allocator<std::_Rb_tree_node<std::pair<long const, long>>>::deallocate",6.511037,0.0,16.0,4.0,0.0,0.0,0.0,0,10176305280,0,0,0,0,0.0,driverForGraphClustering,"__gnu_cxx::new_allocator<std::_Rb_tree_node<std::pair<long const, long>>>::deallocate(std::_Rb_tree_node<std::pair<long const, long>>*, unsigned long)",new_allocator.h,0x41ed4b
"__gnu_cxx::new_allocator<double>::construct<double, double>",6.197252,4.9,36.6,0.0,0.0,0.0,0.0,0,25056751680,0,0,0,0,0.0,driverForGraphClustering,"void __gnu_cxx::new_allocator<double>::construct<double, double>(double*, double&&)",new_allocator.h,0x432464
call_function_interrupt,5.805020,53.0,41.6,13.9,0.0,20.8,0.0,0,96002880,0,0,0,0,0.0,vmlinux,call_function_interrupt,[Unknown],0xffffffffaf801b20
native_flush_tlb_one_user,5.726574,0.0,0.0,0.0,0.0,0.0,0.0,288008640,96002880,0,0,0,0,0.0,vmlinux,native_flush_tlb_one_user,[Unknown],0xffffffffaec73e10
update_cfs_group,5.020558,96.6,34.1,27.3,13.6,6.8,0.0,720021600,288008640,0,0,0,0,7.000000,vmlinux,update_cfs_group,[Unknown],0xffffffffaecd3380
do_sched_yield,4.863666,0.0,5.7,0.0,0.0,0.0,0.0,2736082080,3072092160,0,0,0,0,7.518519,vmlinux,do_sched_yield,[Unknown],0xffffffffaecc82a0
yield_task_fair,4.706773,0.0,17.4,5.8,0.0,0.0,0.0,3456103680,1152034560,0,0,0,0,7.416667,vmlinux,yield_task_fair,[Unknown],0xffffffffaecd3560
__cgroup_account_cputime,4.549881,0.0,6.7,0.0,0.0,6.7,0.0,4608138240,1056031680,0,0,0,0,12.222222,vmlinux,__cgroup_account_cputime,[Unknown],0xffffffffaed51b20
"__gnu_cxx::new_allocator<std::_Rb_tree_node<std::pair<long const, long>>>::deallocate",4.236096,10.1,7.9,7.9,0.0,0.0,0.0,0,3072092160,0,0,0,0,0.0,driverForGraphClustering,"__gnu_cxx::new_allocator<std::_Rb_tree_node<std::pair<long const, long>>>::deallocate(std::_Rb_tree_node<std::pair<long const, long>>*, unsigned long)",new_allocator.h,0x41ed37
tcache_put,4.236096,-0.0,0.0,0.0,0.0,0.0,0.0,2304069120,8448253440,0,0,0,0,7.333333,libc-2.29.so,tcache_put,malloc.c,0x96e44
llist_add_batch,4.157650,88.9,36.9,0.0,0.0,88.5,0.0,144004320,192005760,0,0,0,0,1891.000000,vmlinux,llist_add_batch,[Unknown],0xffffffffaf0ec440
"std::_Rb_tree_iterator<std::pair<long const, long>>::operator==",4.000757,0.0,9.3,0.0,9.3,0.0,0.0,15120453600,0,0,0,0,0,7.100000,driverForGraphClustering,"std::_Rb_tree_iterator<std::pair<long const, long>>::operator==(std::_Rb_tree_iterator<std::pair<long const, long>> const&) const",stl_tree.h,0x41f36b
"std::_Vector_base<double, std::allocator<double>>::_M_deallocate",3.922311,0.0,49.9,8.3,0.0,0.0,0.0,0,0,0,0,0,0,0.0,driverForGraphClustering,"std::_Vector_base<double, std::allocator<double>>::_M_deallocate(double*, unsigned long)",stl_vector.h,0x43e5ae
tcache_put,3.451634,0.2,33.2,0.0,0.0,0.0,0.0,1008030240,2592077760,0,0,0,0,7.250000,libc-2.29.so,tcache_put,malloc.c,0x96c61
__ia32_sys_sched_yield,3.373188,9.1,31.0,7.7,0.0,0.0,0.0,432012960,2880086400,0,0,0,0,7.500000,vmlinux,__ia32_sys_sched_yield,[Unknown],0xffffffffaecc8310
alloc_perturb,3.373188,0.0,8.2,0.0,0.0,0.0,0.0,63793913760,0,0,0,0,0,7.400000,libc-2.29.so,alloc_perturb,malloc.c,0x970f1
generic_file_buffered_read,3.373188,0.0,18.3,0.0,0.0,0.0,0.0,1440043200,864025920,0,0,0,0,7.363636,vmlinux,generic_file_buffered_read,[Unknown],0xffffffffaee05250
__default_send_IPI_dest_field,3.294741,80.6,78.8,31.5,0.0,0.0,0.0,0,0,0,0,0,0,7.000000,vmlinux,__default_send_IPI_dest_field,[Unknown],0xffffffffaec63f70
update_rq_clock,3.137849,52.5,7.4,0.0,14.7,14.7,0.0,720021600,14688440640,0,0,0,0,8.259259,vmlinux,update_rq_clock,[Unknown],0xffffffffaecc65c0
xas_load,2.902510,,41.6,0.0,0.0,0.0,0.0,3456103680,1536046080,0,0,0,0,9.000000,vmlinux,xas_load,[Unknown],0xffffffffaf639ba0
clear_buddies,2.824064,0.0,20.3,10.2,0.0,0.0,0.0,7200216000,1344040320,0,0,0,0,7.086957,vmlinux,clear_buddies,[Unknown],0xffffffffaecce330
hrtimer_interrupt,2.824064,44.0,37.3,9.3,9.3,28.0,0.0,1008030240,384011520,96006720,0,0,0,7.000000,vmlinux,hrtimer_interrupt,[Unknown],0xffffffffaed23c70
__cgroup_account_cputime_field,2.745618,95.6,0.0,26.4,0.0,44.0,0.0,0,0,0,0,0,0,0.0,vmlinux,__cgroup_account_cputime_field,[Unknown],0xffffffffaed51b50
_intel_fast_memmove,2.745618,20.3,27.4,0.0,0.0,0.0,0.0,0,0,0,0,0,0,0.0,driverForGraphClustering,_intel_fast_memmove,[Unknown],0x46b420
ksoftirqd_running,2.745618,70.5,0.0,0.0,88.5,59.0,0.0,0,0,48003360,0,0,0,0.0,vmlinux,ksoftirqd_running,[Unknown],0xffffffffaec9c6e0
rcu_sched_clock_irq,2.745618,70.9,31.9,0.0,31.9,63.8,0.0,864025920,96002880,0,0,0,0,219.000000,vmlinux,rcu_sched_clock_irq,[Unknown],0xffffffffaed14a20
"std::_Rb_tree<long, std::pair<long const, long>, std::_Select1st<std::pair<long const, long>>, std::less<long>, std::allocator<std::pair<long const, long>>>::_M_begin",2.745618,10.9,40.6,0.0,0.0,0.0,0.0,7056211680,0,0,0,0,0,7.407407,driverForGraphClustering,"std::_Rb_tree<long, std::pair<long const, long>, std::_Select1st<std::pair<long const, long>>, std::less<long>, std::allocator<std::pair<long const, long>>>::_M_begin(void)",stl_tree.h,0x41f2ed
__kmpc_atomic_fixed8_add,2.588725,28.5,26.1,13.1,0.0,0.0,0.0,2880086400,576017280,0,0,0,0,292.333333,libiomp5.so,__kmpc_atomic_fixed8_add,kmp_atomic.cpp,0x458a0
rcu_note_context_switch,2.588725,,25.4,0.0,0.0,0.0,0.0,1440043200,288008640,0,0,0,0,9.260870,vmlinux,rcu_note_context_switch,[Unknown],0xffffffffaed12930
func@0x4043d0,2.431833,9.0,0.0,9.9,0.0,19.9,0.0,34273028160,0,0,0,0,0,7.702128,driverForGraphClustering,func@0x4043d0,[Unknown],0x4043d0
"std::vector<double, std::allocator<double>>::vector",2.431833,-0.0,0.0,0.0,0.0,0.0,0.0,13968419040,0,0,0,0,0,7.440000,driverForGraphClustering,"std::vector<double, std::allocator<double>>::vector(void)",stl_vector.h,0x4224c0
schedule,2.353387,0.0,10.4,0.0,0.0,0.0,0.0,3456103680,2112063360,0,0,0,0,7.363636,vmlinux,schedule,[Unknown],0xffffffffaf64af40
account_user_time,2.274940,43.9,77.6,17.3,0.0,69.0,8.6,288008640,96002880,0,0,0,0,0.0,vmlinux,account_user_time,[Unknown],0xffffffffaecccfa0
run_local_timers,2.118048,87.3,12.7,25.4,12.7,12.7,0.0,288008640,96002880,0,0,0,0,0.0,vmlinux,run_local_timers,[Unknown],0xffffffffaed22820
trigger_load_balance,2.118048,71.4,0.0,,0.0,,0.0,432012960,96002880,0,0,0,0,0.0,vmlinux,trigger_load_balance,[Unknown],0xffffffffaecdb5d0
flush_smp_call_function_queue,1.961156,73.9,78.4,0.0,13.1,13.1,0.0,0,192005760,0,0,0,0,7.000000,vmlinux,flush_smp_call_function_queue,[Unknown],0xffffffffaed39e00
llist_reverse_order,1.961156,79.2,0.0,13.9,27.7,55.4,0.0,0,0,0,0,0,0,0.0,vmlinux,llist_reverse_order,[Unknown],0xffffffffaf0ec4a0
native_queued_spin_lock_slowpath,1.961156,100.0,22.9,0.0,22.9,0.0,0.0,144004320,96002880,0,0,0,0,0.0,vmlinux,native_queued_spin_lock_slowpath,[Unknown],0xffffffffaecf1320
"std::vector<double, std::allocator<double>>::operator[]",1.961156,0.0,0.0,24.7,0.0,0.0,0.0,16128483840,0,0,0,0,0,7.483871,driverForGraphClustering,"std::vector<double, std::allocator<double>>::operator[](unsigned long)",stl_vector.h,0x43e9c1
interrupt_entry,1.882709,15.6,48.1,,12.0,,0.0,144004320,288008640,0,0,0,0,7.000000,vmlinux,interrupt_entry,[Unknown],0xffffffffaf800880
smp_call_function_many,1.882709,45.7,0.0,100.0,57.1,57.1,0.0,576017280,192005760,0,0,0,0,719.000000,vmlinux,smp_call_function_many,[Unknown],0xffffffffaed3a340
check_cfs_rq_runtime,1.804263,0.0,20.3,0.0,0.0,0.0,0.0,4176125280,192005760,0,0,0,0,8.166667,vmlinux,check_cfs_rq_runtime,[Unknown],0xffffffffaecd3c40
smp_apic_timer_interrupt,1.804263,23.8,61.0,0.0,45.7,76.2,0.0,288008640,288008640,48003360,0,0,0,0.0,vmlinux,smp_apic_timer_interrupt,[Unknown],0xffffffffaf8024e0
find_get_entry,1.725817,,32.7,0.0,0.0,0.0,0.0,720021600,192005760,0,0,0,0,7.000000,vmlinux,find_get_entry,[Unknown],0xffffffffaee04140
"std::_Rb_tree<long, std::pair<long const, long>, std::_Select1st<std::pair<long const, long>>, std::less<long>, std::allocator<std::pair<long const, long>>>::_S_right",1.725817,6.4,24.1,0.0,0.0,0.0,0.0,45505365120,0,0,0,0,0,9.617647,driverForGraphClustering,"std::_Rb_tree<long, std::pair<long const, long>, std::_Select1st<std::pair<long const, long>>, std::less<long>, std::allocator<std::pair<long const, long>>>::_S_right(std::_Rb_tree_node_base*)",stl_tree.h,0x41ed10
"__gnu_cxx::__aligned_membuf<std::pair<long const, long>>::_M_addr",1.647371,0.0,76.2,0.0,0.0,0.0,0.0,0,0,0,0,0,0,0.0,driverForGraphClustering,"__gnu_cxx::__aligned_membuf<std::pair<long const, long>>::_M_addr(void)",aligned_buffer.h,0x432361
hrtimer_active,1.647371,91.5,0.0,,50.8,,0.0,288008640,0,0,0,0,0,0.0,vmlinux,hrtimer_active,[Unknown],0xffffffffaed22c80
__update_load_avg_cfs_rq,1.568924,15.6,0.0,0.0,30.5,15.2,0.0,864025920,672020160,48003360,0,0,0,0.0,vmlinux,__update_load_avg_cfs_rq,[Unknown],0xffffffffaece7ca0
__update_load_avg_se,1.568924,-0.0,0.0,,0.0,,0.0,864025920,1056031680,0,0,0,0,7.000000,vmlinux,__update_load_avg_se,[Unknown],0xffffffffaece7a00
mark_page_accessed,1.490478,,0.0,0.0,0.0,0.0,0.0,1296038880,288008640,0,0,0,0,27.666667,vmlinux,mark_page_accessed,[Unknown],0xffffffffaee1adb0
__raw_spin_unlock_irq,1.412032,0.0,38.1,0.0,0.0,0.0,0.0,0,0,0,0,0,0,7.000000,vmlinux,__raw_spin_unlock_irq,[Unknown],0xffffffffaecc49c0
__hrtimer_run_queues,1.333586,50.3,19.9,,39.8,,0.0,0,192005760,0,0,0,0,7.000000,vmlinux,__hrtimer_run_queues,[Unknown],0xffffffffaed23490
alloc_perturb,1.333586,0.0,35.2,0.0,0.0,0.0,0.0,4032120960,0,0,0,0,0,7.000000,libc-2.29.so,alloc_perturb,malloc.c,0x97776
calc_global_load_tick,1.333586,32.8,53.8,0.0,26.9,26.9,0.0,0,0,0,0,0,0,0.0,vmlinux,calc_global_load_tick,[Unknown],0xffffffffaecccb40
"__gnu_cxx::operator-<double*, std::vector<double, std::allocator<double>>>",1.255140,5.7,19.0,0.0,0.0,0.0,0.0,0,0,0,0,0,0,0.0,driverForGraphClustering,"__gnu_cxx::__normal_iterator<double*, std::vector<double, std::allocator<double>>>::difference_type __gnu_cxx::operator-<double*, std::vector<double, std::allocator<double>>>(__gnu_cxx::__normal_iterator<double*, std::vector<double, std::allocator<double>>> const&, __gnu_cxx::__normal_iterator<double*, std::vector<double, std::allocator<double>>> const&)",stl_iterator.h,0x43e565
__memmove_avx_unaligned_erms,1.255140,-0.0,0.0,0.0,0.0,0.0,0.0,720021600,384011520,0,0,0,0,36.000000,libc-2.29.so,__memmove_avx_unaligned_erms,memmove-vec-unaligned-erms.S,0x189080
_raw_spin_lock_irq,1.255140,0.0,100.0,0.0,0.0,0.0,0.0,288008640,96002880,0,0,0,0,0.0,vmlinux,_raw_spin_lock_irq,[Unknown],0xffffffffaf650590
sched_clock_cpu,1.255140,-0.0,0.0,32.7,32.7,0.0,0.0,2304069120,96002880,0,0,0,0,7.636364,vmlinux,sched_clock_cpu,[Unknown],0xffffffffaecccd50
"std::_Vector_base<double, std::allocator<double>>::_M_allocate",1.255140,0.0,38.1,0.0,0.0,0.0,0.0,0,0,0,0,0,0,0.0,driverForGraphClustering,"std::_Vector_base<double, std::allocator<double>>::_M_allocate(unsigned long)",stl_vector.h,0x43e554
__kmp_x86_pause,1.176693,-0.0,0.0,0.0,0.0,0.0,0.0,0,0,0,0,0,0,0.0,libiomp5.so,__kmp_x86_pause,kmp.h,0x62448
clear_huge_page,1.176693,100.0,0.0,0.0,0.0,0.0,80.7,0,0,0,0,0,0,0.0,vmlinux,clear_huge_page,[Unknown],0xffffffffaee4bbe0
copy_page_to_iter,1.098247,0.0,38.1,0.0,0.0,0.0,0.0,288008640,288008640,0,0,0,0,7.285714,vmlinux,copy_page_to_iter,[Unknown],0xffffffffaf0ea050
irq_work_run_list,1.098247,14.3,57.1,0.0,28.6,0.0,0.0,144004320,192005760,0,0,0,0,0.0,vmlinux,irq_work_run_list,[Unknown],0xffffffffaedc1a60
run_timer_softirq,1.098247,8.6,0.0,68.6,0.0,22.9,0.0,144004320,96002880,0,0,0,0,0.0,vmlinux,run_timer_softirq,[Unknown],0xffffffffaed21380
tick_program_event,1.098247,0.0,0.0,0.0,0.0,41.6,0.0,0,0,0,48003360,0,0,9.000000,vmlinux,tick_program_event,[Unknown],0xffffffffaed34060
__do_softirq,1.019801,0.0,0.0,53.8,0.0,26.9,0.0,720021600,192005760,0,48003360,0,0,0.0,vmlinux,__do_softirq,[Unknown],0xffffffffafa00000
__x86_indirect_thunk_rax,1.019801,-0.0,0.0,0.0,0.0,0.0,0.0,0,0,0,0,0,0,0.0,vmlinux,__x86_indirect_thunk_rax,[Unknown],0xffffffffafa00ca0
mutex_lock,1.019801,-0.0,0.0,0.0,0.0,0.0,0.0,144004320,384011520,0,0,0,0,7.500000,vmlinux,mutex_lock,[Unknown],0xffffffffaf64d330
mutex_unlock,1.019801,,65.3,0.0,0.0,0.0,0.0,1008030240,192005760,0,0,0,0,0.0,vmlinux,mutex_unlock,[Unknown],0xffffffffaf64c560
perf_event_task_tick,1.019801,0.0,0.0,0.0,50.8,100.0,0.0,0,96002880,0,0,0,0,9.000000,vmlinux,perf_event_task_tick,[Unknown],0xffffffffaedf19d0
rcu_irq_enter,1.019801,61.7,41.6,0.0,69.3,0.0,0.0,144004320,288008640,0,0,0,0,21.000000,vmlinux,rcu_irq_enter,[Unknown],0xffffffffaed14900
read_tsc,1.019801,38.0,0.0,0.0,48.1,24.1,0.0,576017280,0,0,0,0,0,0.0,vmlinux,read_tsc,[Unknown],0xffffffffaec38db0
__fget,0.941355,0.0,0.0,0.0,0.0,0.0,0.0,864025920,96002880,0,0,0,0,0.0,vmlinux,__fget,[Unknown],0xffffffffaeed7b60
__intel_avx_rep_memcpy,0.941355,0.0,0.0,65.3,65.3,0.0,0.0,0,0,0,0,0,0,0.0,driverForGraphClustering,__intel_avx_rep_memcpy,[Unknown],0x46ed80
_raw_spin_lock_irqsave,0.941355,23.5,28.6,0.0,0.0,28.6,0.0,0,384011520,0,0,0,0,0.0,vmlinux,_raw_spin_lock_irqsave,[Unknown],0xffffffffaf650390
get_page_from_freelist,0.941355,0.0,0.0,100.0,0.0,50.8,0.0,864025920,672020160,0,0,0,0,7.000000,vmlinux,get_page_from_freelist,[Unknown],0xffffffffaee0f520
nohz_balance_exit_idle,0.941355,0.0,0.0,0.0,0.0,0.0,0.0,288008640,0,0,0,0,0,0.0,vmlinux,nohz_balance_exit_idle,[Unknown],0xffffffffaecdb400
rb_next,0.941355,86.6,53.8,0.0,80.7,26.9,0.0,144004320,0,0,48003360,0,0,0.0,vmlinux,rb_next,[Unknown],0xffffffffaf6312d0
__acct_update_integrals,0.862908,100.0,0.0,,41.6,,0.0,0,0,0,48003360,0,0,0.0,vmlinux,__acct_update_integrals,[Unknown],0xffffffffaed7ef80
_cond_resched,0.862908,-0.0,0.0,0.0,0.0,0.0,0.0,720021600,96002880,0,0,0,0,7.333333,vmlinux,_cond_resched,[Unknown],0xffffffffaf64b1c0
account_entity_dequeue,0.862908,51.2,0.0,0.0,29.5,29.5,0.0,0,96002880,48003360,0,0,0,0.0,vmlinux,account_entity_dequeue,[Unknown],0xffffffffaecd24f0
native_write_msr,0.862908,0.0,0.0,0.0,0.0,0.0,0.0,144004320,0,0,0,0,0,0.0,vmlinux,native_write_msr,[Unknown],0xffffffffaec73f60
std::istream::read,0.862908,0.0,45.7,0.0,0.0,0.0,0.0,288008640,96002880,0,0,0,0,0.0,libstdc++.so.6.0.26,"std::istream::read(char*, long)",[Unknown],0x1110e0
default_send_IPI_mask_sequence_phys,0.784462,90.1,0.0,59.6,0.0,79.5,0.0,0,0,0,0,0,0,0.0,vmlinux,default_send_IPI_mask_sequence_phys,[Unknown],0xffffffffaec64030
flush_tlb_func_common.constprop.9,0.784462,0.0,70.3,0.0,100.0,0.0,0.0,576017280,96002880,0,0,0,0,8.000000,vmlinux,flush_tlb_func_common.constprop.9,[Unknown],0xffffffffaec84100
initCommAss$omp$parallel_for@99,0.784462,0.0,0.0,0.0,0.0,0.0,0.0,0,0,0,0,0,0,0.0,driverForGraphClustering,initCommAss$omp$parallel_for@99,utilityClusteringFunctions.cpp,0x43f5c0
irq_exit,0.784462,0.0,0.0,100.0,0.0,0.0,0.0,432012960,192005760,0,0,0,0,0.0,vmlinux,irq_exit,[Unknown],0xffffffffaec9d190
main$omp$parallel@210,0.784462,-0.0,0.0,0.0,0.0,0.0,0.0,432012960,384011520,0,0,0,0,7.000000,driverForGraphClustering,main$omp$parallel@210,driverForGraphClustering.cpp,0x40581d
note_gp_changes,0.784462,82.4,35.2,0.0,100.0,0.0,0.0,0,0,0,0,0,0,0.0,vmlinux,note_gp_changes,[Unknown],0xffffffffaed134b0
pci_conf1_read,0.784462,0.0,0.0,0.0,0.0,0.0,0.0,0,0,0,0,0,0,0.0,vmlinux,pci_conf1_read,[Unknown],0xffffffffaf49ae40
rcu_all_qs,0.784462,-0.0,0.0,0.0,0.0,0.0,0.0,0,576017280,0,0,0,0,12.000000,vmlinux,rcu_all_qs,[Unknown],0xffffffffaed121e0
"std::vector<double, std::allocator<double>>::emplace_back<double>",0.784462,10.5,39.8,0.0,0.0,0.0,0.0,432012960,0,0,0,0,0,7.130435,driverForGraphClustering,"void std::vector<double, std::allocator<double>>::emplace_back<double>(double&&)",stl_vector.h,0x4323dc
tick_sched_do_timer,0.784462,21.0,0.0,0.0,0.0,61.0,0.0,288008640,0,0,0,0,0,0.0,vmlinux,tick_sched_do_timer,[Unknown],0xffffffffaed34820
tlb_is_not_lazy,0.784462,67.3,0.0,32.7,32.7,65.3,0.0,0,96002880,0,48003360,0,0,0.0,vmlinux,tlb_is_not_lazy,[Unknown],0xffffffffaec83870
__gnu_cxx::new_allocator<double>::deallocate,0.706016,0.0,0.0,0.0,0.0,0.0,0.0,0,1248037440,0,0,0,0,0.0,driverForGraphClustering,"__gnu_cxx::new_allocator<double>::deallocate(double*, unsigned long)",new_allocator.h,0x432787
__lseek64,0.706016,0.0,0.0,0.0,0.0,0.0,0.0,1008030240,0,0,0,0,0,7.000000,libpthread-2.29.so,__lseek64,lseek64.c,0x13330
flush_tlb_func_remote,0.706016,47.3,70.3,0.0,0.0,100.0,0.0,0,0,0,0,0,0,0.0,vmlinux,flush_tlb_func_remote,[Unknown],0xffffffffaec84330
irq_enter,0.706016,39.9,72.2,0.0,72.2,0.0,0.0,144004320,96002880,0,0,0,0,0.0,vmlinux,irq_enter,[Unknown],0xffffffffaec9d140
kick_ilb,0.706016,66.7,76.2,0.0,0.0,0.0,0.0,0,0,0,0,0,0,0.0,vmlinux,kick_ilb,[Unknown],0xffffffffaecce2a0
kmp_basic_flag_native<unsigned long long>::notdone_check,0.706016,0.0,0.0,100.0,0.0,0.0,0.0,1152034560,0,0,0,0,0,6.928380,libiomp5.so,kmp_basic_flag_native<unsigned long long>::notdone_check(void),kmp_wait_release.h,0x6253a
run_posix_cpu_timers,0.706016,42.9,100.0,0.0,76.2,38.1,0.0,144004320,96002880,48003360,0,0,0,0.0,vmlinux,run_posix_cpu_timers,[Unknown],0xffffffffaed2f810
"std::_Rb_tree<long, std::pair<long const, long>, std::_Select1st<std::pair<long const, long>>, std::less<long>, std::allocator<std::pair<long const, long>>>::_S_left",0.706016,-0.0,0.0,0.0,0.0,0.0,0.0,10656319680,0,0,0,0,0,10.093023,driverForGraphClustering,"std::_Rb_tree<long, std::pair<long const, long>, std::_Select1st<std::pair<long const, long>>, std::less<long>, std::allocator<std::pair<long const, long>>>::_S_left(std::_Rb_tree_node_base*)",stl_tree.h,0x41ed76
"std::basic_filebuf<char, std::char_traits<char>>::_M_seek",0.706016,-0.0,0.0,0.0,0.0,0.0,0.0,0,384011520,0,0,0,0,7.000000,libstdc++.so.6.0.26,"std::basic_filebuf<char, std::char_traits<char>>::_M_seek(long, std::_Ios_Seekdir, __mbstate_t)",[Unknown],0x104df0
__fdget_pos,0.627570,0.0,0.0,0.0,0.0,0.0,0.0,144004320,96002880,0,0,0,0,7.000000,vmlinux,__fdget_pos,[Unknown],0xffffffffaeed8e20
__intel_avx_rep_memset,0.627570,0.0,0.0,0.0,0.0,0.0,0.0,0,0,0,0,0,0,0.0,driverForGraphClustering,__intel_avx_rep_memset,[Unknown],0x470550
__libc_read,0.627570,,0.0,0.0,0.0,0.0,0.0,0,0,0,0,0,0,0.0,libpthread-2.29.so,__libc_read,read.c,0x12d80
cpu_load_update_active,0.627570,0.0,0.0,0.0,100.0,0.0,0.0,0,0,0,0,0,0,0.0,vmlinux,cpu_load_update_active,[Unknown],0xffffffffaecd8bd0
ext4_file_read_iter,0.627570,0.0,100.0,0.0,0.0,0.0,0.0,576017280,576017280,0,0,0,0,6.000000,vmlinux,ext4_file_read_iter,[Unknown],0xffffffffaef6a680
ext4_mpage_readpages,0.627570,0.0,0.0,0.0,0.0,0.0,0.0,720021600,192005760,0,0,0,0,7.000000,vmlinux,ext4_mpage_readpages,[Unknown],0xffffffffaef97b80
fput_many,0.627570,100.0,100.0,0.0,0.0,0.0,0.0,0,384011520,0,0,0,0,0.0,vmlinux,fput_many,[Unknown],0xffffffffaeeb7d00
fsnotify,0.627570,0.0,0.0,0.0,0.0,0.0,0.0,288008640,96002880,0,0,0,0,8.666667,vmlinux,fsnotify,[Unknown],0xffffffffaef01c60
mem_cgroup_try_charge,0.627570,0.0,0.0,0.0,0.0,0.0,100.0,144004320,192005760,0,0,0,0,0.0,vmlinux,mem_cgroup_try_charge,[Unknown],0xffffffffaeea1f70
release_pages,0.627570,0.0,0.0,0.0,0.0,0.0,0.0,288008640,96002880,0,0,0,0,0.0,vmlinux,release_pages,[Unknown],0xffffffffaee1a650
"std::basic_filebuf<char, std::char_traits<char>>::seekoff",0.627570,,0.0,0.0,0.0,0.0,0.0,432012960,288008640,0,0,0,0,7.500000,libstdc++.so.6.0.26,"std::basic_filebuf<char, std::char_traits<char>>::seekoff(long, std::_Ios_Seekdir, std::_Ios_Openmode)",[Unknown],0x105120
"std::basic_filebuf<char, std::char_traits<char>>::xsgetn",0.627570,-0.0,0.0,0.0,0.0,0.0,0.0,144004320,0,0,0,0,0,0.0,libstdc++.so.6.0.26,"std::basic_filebuf<char, std::char_traits<char>>::xsgetn(char*, long)",[Unknown],0x103bc0
tick_sched_timer,0.627570,54.3,100.0,45.7,0.0,0.0,0.0,144004320,96002880,0,0,0,0,0.0,vmlinux,tick_sched_timer,[Unknown],0xffffffffaed34880
try_charge,0.627570,0.0,0.0,0.0,0.0,50.8,0.0,144004320,192005760,0,0,0,0,7.000000,vmlinux,try_charge,[Unknown],0xffffffffaee9fb50
__handle_mm_fault,0.549124,0.0,0.0,0.0,100.0,0.0,0.0,144004320,96002880,0,0,0,0,0.0,vmlinux,__handle_mm_fault,[Unknown],0xffffffffaee48830
_raw_spin_trylock,0.549124,39.0,30.5,,0.0,,0.0,0,0,0,0,0,0,0.0,vmlinux,_raw_spin_trylock,[Unknown],0xffffffffaf6501b0
pci_mmcfg_read,0.549124,54.3,100.0,0.0,100.0,0.0,0.0,0,0,0,0,0,0,0.0,vmlinux,pci_mmcfg_read,[Unknown],0xffffffffaf49ab90
scheduler_tick,0.549124,74.6,100.0,0.0,100.0,50.8,0.0,576017280,192005760,0,0,0,0,7.000000,vmlinux,scheduler_tick,[Unknown],0xffffffffaecca6f0
"std::_Rb_tree<long, std::pair<long const, long>, std::_Select1st<std::pair<long const, long>>, std::less<long>, std::allocator<std::pair<long const, long>>>::_M_end",0.549124,0.0,0.0,0.0,0.0,0.0,0.0,0,0,0,0,0,0,0.0,driverForGraphClustering,"std::_Rb_tree<long, std::pair<long const, long>, std::_Select1st<std::pair<long const, long>>, std::less<long>, std::allocator<std::pair<long const, long>>>::_M_end(void)",stl_tree.h,0x41f0e5
"std::_Rb_tree<long, std::pair<long const, long>, std::_Select1st<std::pair<long const, long>>, std::less<long>, std::allocator<std::pair<long const, long>>>::_M_get_insert_unique_pos",0.549124,0.0,0.0,0.0,0.0,0.0,0.0,0,0,0,0,0,0,0.0,driverForGraphClustering,"std::_Rb_tree<long, std::pair<long const, long>, std::_Select1st<std::pair<long const, long>>, std::less<long>, std::allocator<std::pair<long const, long>>>::_M_get_insert_unique_pos(long const&)",stl_tree.h,0x41f2ed
"std::_Vector_base<double, std::allocator<double>>::_M_deallocate",0.549124,-0.0,0.0,0.0,0.0,0.0,0.0,41041231200,0,0,0,0,0,7.926829,driverForGraphClustering,"std::_Vector_base<double, std::allocator<double>>::_M_deallocate(double*, unsigned long)",stl_vector.h,0x43248a
std::istream::sentry::sentry,0.549124,0.0,100.0,0.0,0.0,0.0,0.0,0,192005760,0,0,0,0,0.0,libstdc++.so.6.0.26,"std::istream::sentry::sentry(std::istream&, bool)",[Unknown],0x1100f0
workingset_activation,0.549124,100.0,100.0,0.0,0.0,0.0,0.0,288008640,96002880,0,0,0,0,0.0,vmlinux,workingset_activation,[Unknown],0xffffffffaee3fde0
__activate_page,0.470677,0.0,100.0,0.0,0.0,0.0,0.0,576017280,192005760,0,0,0,0,0.0,vmlinux,__activate_page,[Unknown],0xffffffffaee196d0
__fsnotify_parent,0.470677,0.0,0.0,0.0,0.0,0.0,0.0,1008030240,0,0,0,0,0,12.000000,vmlinux,__fsnotify_parent,[Unknown],0xffffffffaef02140
__kmp_yield,0.470677,0.0,0.0,0.0,0.0,0.0,0.0,0,0,0,0,0,0,0.0,libiomp5.so,__kmp_yield,z_Linux_util.cpp,0xeb370
__pagevec_lru_add_fn,0.470677,0.0,0.0,,0.0,,0.0,288008640,288008640,0,0,0,0,0.0,vmlinux,__pagevec_lru_add_fn,[Unknown],0xffffffffaee1a370
alloc_perturb,0.470677,-0.0,0.0,0.0,0.0,0.0,0.0,288008640,0,0,0,0,0,0.0,libc-2.29.so,alloc_perturb,malloc.c,0x96dd6
common_file_perm,0.470677,-0.0,0.0,0.0,0.0,0.0,0.0,144004320,96002880,0,0,0,0,0.0,vmlinux,common_file_perm,[Unknown],0xffffffffaf06cf60
page_fault,0.470677,100.0,76.2,0.0,0.0,0.0,0.0,0,0,0,0,0,0,0.0,vmlinux,page_fault,[Unknown],0xffffffffaf801070
rebalance_domains,0.470677,0.0,0.0,100.0,0.0,0.0,0.0,144004320,96002880,0,0,0,0,0.0,vmlinux,rebalance_domains,[Unknown],0xffffffffaecda6c0
reweight_entity,0.470677,-0.0,0.0,0.0,0.0,57.1,0.0,432012960,288008640,0,0,0,0,7.000000,vmlinux,reweight_entity,[Unknown],0xffffffffaecd31d0
"std::_Rb_tree<long, std::pair<long const, long>, std::_Select1st<std::pair<long const, long>>, std::less<long>, std::allocator<std::pair<long const, long>>>::_S_left",0.470677,-0.0,0.0,0.0,0.0,0.0,0.0,7488224640,0,0,0,0,0,7.190476,driverForGraphClustering,"std::_Rb_tree<long, std::pair<long const, long>, std::_Select1st<std::pair<long const, long>>, std::less<long>, std::allocator<std::pair<long const, long>>>::_S_left(std::_Rb_tree_node_base*)",stl_tree.h,0x41ed4e
std::istream::seekg,0.470677,,0.0,0.0,0.0,0.0,0.0,1152034560,384011520,0,0,0,0,0.0,libstdc++.so.6.0.26,"std::istream::seekg(long, std::_Ios_Seekdir)",[Unknown],0x111960
__add_to_page_cache_locked,0.392231,-0.0,0.0,0.0,0.0,0.0,0.0,288008640,480014400,0,0,0,0,0.0,vmlinux,__add_to_page_cache_locked,[Unknown],0xffffffffaee04370
_raw_spin_unlock_irqrestore,0.392231,-0.0,0.0,100.0,0.0,0.0,0.0,576017280,0,0,0,0,0,0.0,vmlinux,_raw_spin_unlock_irqrestore,[Unknown],0xffffffffaf6501e0
activate_page,0.392231,0.0,100.0,0.0,0.0,0.0,0.0,288008640,96002880,0,0,0,0,7.000000,vmlinux,activate_page,[Unknown],0xffffffffaee1acf0
alloc_perturb,0.392231,-0.0,0.0,0.0,0.0,0.0,0.0,12816384480,0,0,0,0,0,8.000000,libc-2.29.so,alloc_perturb,malloc.c,0x975ca
clear_subpage,0.392231,54.3,91.4,0.0,0.0,0.0,0.0,0,0,0,0,0,0,0.0,vmlinux,clear_subpage,[Unknown],0xffffffffaee43800
copyout,0.392231,0.0,0.0,0.0,0.0,0.0,0.0,576017280,288008640,0,0,0,0,0.0,vmlinux,copyout,[Unknown],0xffffffffaf0e76b0
find_next_bit,0.392231,0.0,0.0,0.0,0.0,0.0,0.0,576017280,0,0,0,0,0,0.0,vmlinux,find_next_bit,[Unknown],0xffffffffaf0ec360
get_mem_cgroup_from_mm,0.392231,-0.0,0.0,0.0,100.0,100.0,0.0,0,96002880,0,0,0,0,0.0,vmlinux,get_mem_cgroup_from_mm,[Unknown],0xffffffffaee9b5c0
idle_cpu,0.392231,23.8,100.0,0.0,76.2,0.0,0.0,144004320,0,0,48003360,0,0,94.000000,vmlinux,idle_cpu,[Unknown],0xffffffffaeccac40
mem_cgroup_commit_charge,0.392231,-0.0,0.0,0.0,0.0,0.0,0.0,0,0,0,0,0,0,0.0,vmlinux,mem_cgroup_commit_charge,[Unknown],0xffffffffaeea2b30
page_counter_cancel,0.392231,0.0,0.0,100.0,0.0,0.0,0.0,0,0,0,0,0,0,0.0,vmlinux,page_counter_cancel,[Unknown],0xffffffffaee99d20
smp_call_function_interrupt,0.392231,54.3,45.7,0.0,45.7,0.0,0.0,0,192005760,0,0,0,0,0.0,vmlinux,smp_call_function_interrupt,[Unknown],0xffffffffaf802340
swapgs_restore_regs_and_return_to_usermode,0.392231,-0.0,0.0,0.0,0.0,0.0,0.0,1008030240,288008640,0,0,0,0,7.000000,vmlinux,swapgs_restore_regs_and_return_to_usermode,[Unknown],0xffffffffaf800974
unmap_page_range,0.392231,0.0,100.0,0.0,100.0,0.0,0.0,0,96002880,0,0,0,0,0.0,vmlinux,unmap_page_range,[Unknown],0xffffffffaee45c80
[sep5],0.313785,23.8,76.2,0.0,76.2,0.0,0.0,1440043200,2592077760,0,0,0,0,7.000000,sep5,[sep5],[Unknown],0x0
__hrtimer_next_event_base,0.313785,-0.0,0.0,0.0,0.0,0.0,0.0,432012960,96002880,0,0,0,0,15.000000,vmlinux,__hrtimer_next_event_base,[Unknown],0xffffffffaed22d90
__pthread_disable_asynccancel,0.313785,,0.0,0.0,0.0,0.0,0.0,864025920,0,0,0,0,0,0.0,libpthread-2.29.so,__pthread_disable_asynccancel,cancellation.S,0x12a40
__switch_to,0.313785,0.0,0.0,0.0,0.0,0.0,0.0,144004320,192005760,0,0,0,0,0.0,vmlinux,__switch_to,[Unknown],0xffffffffaec2d820
default_send_IPI_mask_allbutself_phys,0.313785,100.0,0.0,100.0,100.0,0.0,0.0,0,0,0,0,0,0,0.0,vmlinux,default_send_IPI_mask_allbutself_phys,[Unknown],0xffffffffaec640b0
generic_file_llseek_size,0.313785,,0.0,0.0,0.0,0.0,0.0,0,0,0,0,0,0,0.0,vmlinux,generic_file_llseek_size,[Unknown],0xffffffffaeeb2fb0
intel_pstate_update_util_hwp,0.313785,14.3,57.1,0.0,0.0,100.0,0.0,0,0,48003360,0,0,0,0.0,vmlinux,intel_pstate_update_util_hwp,[Unknown],0xffffffffaf46a160
irq_work_tick,0.313785,2.0,100.0,65.3,0.0,0.0,0.0,144004320,0,0,0,0,0,0.0,vmlinux,irq_work_tick,[Unknown],0xffffffffaedc1d00
ksys_read,0.313785,-0.0,0.0,0.0,0.0,0.0,0.0,0,96002880,0,0,0,0,7.000000,vmlinux,ksys_read,[Unknown],0xffffffffaeeb6b80
lapic_next_deadline,0.313785,0.0,0.0,0.0,0.0,0.0,0.0,0,96002880,0,0,0,0,0.0,vmlinux,lapic_next_deadline,[Unknown],0xffffffffaec62aa0
mem_cgroup_page_lruvec,0.313785,,0.0,,,,0.0,288008640,0,0,0,0,0,0.0,vmlinux,mem_cgroup_page_lruvec,[Unknown],0xffffffffaeea0c40
native_apic_mem_write,0.313785,0.0,0.0,0.0,0.0,0.0,0.0,0,0,0,0,0,0,0.0,vmlinux,native_apic_mem_write,[Unknown],0xffffffffaec69950
new_sync_read,0.313785,-0.0,0.0,0.0,0.0,0.0,0.0,576017280,768023040,0,0,0,0,7.500000,vmlinux,new_sync_read,[Unknown],0xffffffffaeeb3920
pagevec_lru_move_fn,0.313785,0.0,100.0,0.0,100.0,0.0,0.0,0,192005760,0,0,0,0,8.000000,vmlinux,pagevec_lru_move_fn,[Unknown],0xffffffffaee1aa40
sched_clock,0.313785,8.6,91.4,0.0,0.0,0.0,0.0,576017280,0,0,0,0,0,7.000000,vmlinux,sched_clock,[Unknown],0xffffffffaec39a60
"std::_Rb_tree<long, std::pair<long const, long>, std::_Select1st<std::pair<long const, long>>, std::less<long>, std::allocator<std::pair<long const, long>>>::_S_left",0.313785,0.0,91.4,0.0,0.0,0.0,0.0,9072272160,0,0,0,0,0,8.580645,driverForGraphClustering,"std::_Rb_tree<long, std::pair<long const, long>, std::_Select1st<std::pair<long const, long>>, std::less<long>, std::allocator<std::pair<long const, long>>>::_S_left(std::_Rb_tree_node_base*)",stl_tree.h,0x41ed62
timerqueue_del,0.313785,51.4,45.7,0.0,0.0,0.0,45.7,0,384011520,0,0,0,0,7.000000,vmlinux,timerqueue_del,[Unknown],0xffffffffaf635040
update_blocked_averages,0.313785,100.0,100.0,0.0,0.0,0.0,0.0,0,0,0,0,0,0,0.0,vmlinux,update_blocked_averages,[Unknown],0xffffffffaecd25a0
workingset_update_node,0.313785,0.0,0.0,0.0,0.0,0.0,0.0,0,0,0,0,0,0,0.0,vmlinux,workingset_update_node,[Unknown],0xffffffffaee3f330
xas_start,0.313785,0.0,0.0,0.0,0.0,0.0,0.0,864025920,864025920,0,0,0,0,10.000000,vmlinux,xas_start,[Unknown],0xffffffffaf639b10
[Import thunk sched_yield],0.235339,0.0,0.0,0.0,0.0,0.0,0.0,8352250560,0,0,0,0,0,7.000000,libiomp5.so,[Import thunk sched_yield],[Unknown],0x27a48
__fget_light,0.235339,-0.0,0.0,0.0,0.0,0.0,0.0,0,192005760,0,0,0,0,7.000000,vmlinux,__fget_light,[Unknown],0xffffffffaeed7e50
__mod_node_page_state,0.235339,0.0,0.0,0.0,0.0,0.0,0.0,0,96002880,0,0,0,0,0.0,vmlinux,__mod_node_page_state,[Unknown],0xffffffffaee2dcd0
__pthread_enable_asynccancel,0.235339,-0.0,0.0,0.0,0.0,0.0,0.0,288008640,96002880,0,0,0,0,0.0,libpthread-2.29.so,__pthread_enable_asynccancel,cancellation.S,0x129e0
__x64_sys_lseek,0.235339,0.0,0.0,0.0,0.0,0.0,0.0,0,0,0,0,0,0,7.000000,vmlinux,__x64_sys_lseek,[Unknown],0xffffffffaeeb4550
account_entity_enqueue,0.235339,-0.0,0.0,0.0,0.0,0.0,0.0,0,0,0,0,0,0,0.0,vmlinux,account_entity_enqueue,[Unknown],0xffffffffaecd2430
alloc_pages_current,0.235339,,0.0,0.0,0.0,0.0,0.0,144004320,0,0,0,0,0,0.0,vmlinux,alloc_pages_current,[Unknown],0xffffffffaee742e0
alloc_perturb,0.235339,-0.0,0.0,0.0,0.0,0.0,0.0,1008030240,0,0,0,0,0,10.041667,libc-2.29.so,alloc_perturb,malloc.c,0x96860
calConstantForSecondTerm$omp$parallel_for@91,0.235339,0.0,0.0,100.0,0.0,0.0,0.0,0,0,0,0,0,0,0.0,driverForGraphClustering,calConstantForSecondTerm$omp$parallel_for@91,utilityClusteringFunctions.cpp,0x43dc51
clockevents_program_event,0.235339,0.0,0.0,0.0,0.0,0.0,0.0,0,96002880,0,0,0,0,7.000000,vmlinux,clockevents_program_event,[Unknown],0xffffffffaed31fc0
cpu_load_update,0.235339,-0.0,0.0,0.0,0.0,0.0,0.0,288008640,480014400,0,0,0,0,0.0,vmlinux,cpu_load_update,[Unknown],0xffffffffaeccefc0
cpuacct_account_field,0.235339,0.0,0.0,0.0,50.8,0.0,0.0,0,0,0,0,0,0,0.0,vmlinux,cpuacct_account_field,[Unknown],0xffffffffaecee2f0
func@0x404030,0.235339,-0.0,0.0,0.0,0.0,100.0,0.0,0,0,0,0,0,0,7.000000,driverForGraphClustering,func@0x404030,[Unknown],0x404030
generic_file_read_iter,0.235339,-0.0,0.0,0.0,0.0,0.0,0.0,432012960,0,0,0,0,0,7.000000,vmlinux,generic_file_read_iter,[Unknown],0xffffffffaee070d0
mem_cgroup_uncharge_list,0.235339,0.0,0.0,0.0,0.0,0.0,0.0,0,96002880,0,0,0,0,0.0,vmlinux,mem_cgroup_uncharge_list,[Unknown],0xffffffffaeea2210
psi_task_change,0.235339,0.0,0.0,100.0,0.0,0.0,0.0,0,0,0,0,0,0,0.0,vmlinux,psi_task_change,[Unknown],0xffffffffaecefeb0
raise_softirq,0.235339,0.0,0.0,50.8,0.0,0.0,0.0,144004320,96002880,0,0,0,0,0.0,vmlinux,raise_softirq,[Unknown],0xffffffffaec9d2f0
rcu_core,0.235339,0.0,0.0,0.0,0.0,0.0,0.0,0,96002880,0,0,0,0,0.0,vmlinux,rcu_core,[Unknown],0xffffffffaed140e0
"std::basic_filebuf<char, std::char_traits<char>>::underflow",0.235339,-0.0,0.0,0.0,0.0,0.0,0.0,432012960,0,0,0,0,0,7.500000,libstdc++.so.6.0.26,"std::basic_filebuf<char, std::char_traits<char>>::underflow(void)",[Unknown],0x103090
timerqueue_add,0.235339,0.0,0.0,0.0,0.0,0.0,0.0,0,192005760,0,0,0,0,0.0,vmlinux,timerqueue_add,[Unknown],0xffffffffaf634f90
update_process_times,0.235339,0.0,0.0,0.0,0.0,0.0,0.0,0,96002880,0,0,0,0,0.0,vmlinux,update_process_times,[Unknown],0xffffffffaed22870
update_sd_lb_stats,0.235339,0.0,100.0,0.0,0.0,0.0,0.0,0,192005760,0,0,0,0,0.0,vmlinux,update_sd_lb_stats,[Unknown],0xffffffffaecd8eb0
__GI___fileno,0.156892,-0.0,0.0,0.0,0.0,0.0,0.0,0,0,0,0,0,0,7.000000,libc-2.29.so,__GI___fileno,fileno.c,0x8a500
__accumulate_pelt_segments,0.156892,0.0,0.0,0.0,0.0,0.0,0.0,288008640,0,0,0,0,0,0.0,vmlinux,__accumulate_pelt_segments,[Unknown],0xffffffffaece77d0
__kmp_fork_barrier,0.156892,100.0,,0.0,0.0,0.0,0.0,0,0,0,0,0,0,0.0,libiomp5.so,"__kmp_fork_barrier(int, int)",kmp_barrier.cpp,0x6bf80
__libc_read,0.156892,,0.0,0.0,0.0,0.0,0.0,0,96002880,0,0,0,0,0.0,libpthread-2.29.so,__libc_read,read.c,0x12d50
__lru_cache_add,0.156892,0.0,0.0,0.0,0.0,0.0,0.0,0,0,0,0,0,0,0.0,vmlinux,__lru_cache_add,[Unknown],0xffffffffaee1aba0
__msecs_to_jiffies,0.156892,0.0,0.0,0.0,0.0,0.0,0.0,144004320,0,0,0,0,0,0.0,vmlinux,__msecs_to_jiffies,[Unknown],0xffffffffaed1d8f0
__x64_sys_read,0.156892,-0.0,0.0,0.0,0.0,0.0,0.0,0,0,0,0,0,0,7.000000,vmlinux,__x64_sys_read,[Unknown],0xffffffffaeeb6c50
account_process_tick,0.156892,-0.0,0.0,0.0,0.0,0.0,0.0,144004320,0,0,0,0,0,0.0,vmlinux,account_process_tick,[Unknown],0xffffffffaeccd360
blk_mq_get_tag,0.156892,0.0,0.0,0.0,0.0,0.0,0.0,144004320,0,0,0,0,0,0.0,vmlinux,blk_mq_get_tag,[Unknown],0xffffffffaf0b9ea0
blk_mq_make_request,0.156892,0.0,0.0,0.0,0.0,0.0,0.0,0,96002880,0,0,0,0,0.0,vmlinux,blk_mq_make_request,[Unknown],0xffffffffaf0b7240
enqueue_task_fair,0.156892,0.0,0.0,0.0,0.0,0.0,0.0,0,0,0,0,0,0,0.0,vmlinux,enqueue_task_fair,[Unknown],0xffffffffaecd55c0
fput,0.156892,0.0,0.0,0.0,0.0,0.0,0.0,0,0,0,0,0,0,7.000000,vmlinux,fput,[Unknown],0xffffffffaeeb7d90
get_task_policy.part.35,0.156892,0.0,0.0,0.0,0.0,0.0,0.0,144004320,0,0,0,0,0,0.0,vmlinux,get_task_policy.part.35,[Unknown],0xffffffffaee741e0
handle_mm_fault,0.156892,0.0,0.0,100.0,0.0,0.0,0.0,0,96002880,0,0,0,0,0.0,vmlinux,handle_mm_fault,[Unknown],0xffffffffaee49ab0
kmp_basic_flag_native<unsigned long long>::notdone_check,0.156892,-0.0,0.0,0.0,0.0,0.0,0.0,288008640,0,0,0,0,0,6.820690,libiomp5.so,kmp_basic_flag_native<unsigned long long>::notdone_check(void),kmp_wait_release.h,0x630b3
ksys_lseek,0.156892,,0.0,0.0,0.0,0.0,0.0,0,192005760,0,0,0,0,7.000000,vmlinux,ksys_lseek,[Unknown],0xffffffffaeeb44a0
native_send_call_func_ipi,0.156892,,,0.0,0.0,0.0,0.0,0,0,0,0,0,0,0.0,vmlinux,native_send_call_func_ipi,[Unknown],0xffffffffaec5fa70
page_counter_try_charge,0.156892,0.0,0.0,0.0,0.0,0.0,0.0,0,96002880,0,0,0,0,0.0,vmlinux,page_counter_try_charge,[Unknown],0xffffffffaee99db0
pagecache_get_page,0.156892,0.0,0.0,0.0,0.0,0.0,0.0,0,288008640,0,0,0,0,0.0,vmlinux,pagecache_get_page,[Unknown],0xffffffffaee047a0
prepare_exit_to_usermode,0.156892,0.0,0.0,0.0,0.0,0.0,0.0,0,96002880,0,0,0,0,7.000000,vmlinux,prepare_exit_to_usermode,[Unknown],0xffffffffaec040f0
rcu_jiffies_till_stall_check,0.156892,0.0,0.0,0.0,0.0,0.0,0.0,0,0,0,0,0,0,0.0,vmlinux,rcu_jiffies_till_stall_check,[Unknown],0xffffffffaed0ee90
"std::basic_filebuf<char, std::char_traits<char>>::_M_terminate_output",0.156892,-0.0,0.0,0.0,0.0,0.0,0.0,144004320,0,0,0,0,0,0.0,libstdc++.so.6.0.26,"std::basic_filebuf<char, std::char_traits<char>>::_M_terminate_output(void)",[Unknown],0x104c90
"std::basic_ios<char, std::char_traits<char>>::clear",0.156892,0.0,0.0,0.0,0.0,0.0,0.0,0,0,0,0,0,0,0.0,libstdc++.so.6.0.26,"std::basic_ios<char, std::char_traits<char>>::clear(std::_Ios_Iostate)",[Unknown],0x10d400
"std::basic_streambuf<char, std::char_traits<char>>::xsgetn",0.156892,0.0,0.0,0.0,0.0,0.0,0.0,288008640,288008640,0,0,0,0,0.0,libstdc++.so.6.0.26,"std::basic_streambuf<char, std::char_traits<char>>::xsgetn(char*, long)",[Unknown],0x13cff0
sync_mm_rss,0.156892,100.0,100.0,0.0,0.0,0.0,0.0,0,0,0,0,0,0,0.0,vmlinux,sync_mm_rss,[Unknown],0xffffffffaee448c0
update_group_capacity,0.156892,100.0,0.0,0.0,0.0,0.0,100.0,0,0,0,0,0,0,0.0,vmlinux,update_group_capacity,[Unknown],0xffffffffaecd8d00
update_load_avg,0.156892,,0.0,0.0,0.0,0.0,0.0,0,96002880,0,0,0,0,0.0,vmlinux,update_load_avg,[Unknown],0xffffffffaecd10d0
[Import thunk __kmp_invoke_microtask],0.078446,0.0,0.0,0.0,0.0,0.0,0.0,0,0,0,0,0,0,0.0,libiomp5.so,[Import thunk __kmp_invoke_microtask],[Unknown],0x281a8
[Import thunk pthread_mutex_unlock],0.078446,0.0,0.0,0.0,0.0,0.0,0.0,0,0,0,0,0,0,0.0,libiomp5.so,[Import thunk pthread_mutex_unlock],[Unknown],0x28528
_INTERNAL_23_______src_kmp_sched_cpp_20354e55::__kmp_for_static_init<long long>,0.078446,0.0,0.0,0.0,0.0,0.0,0.0,0,0,0,0,0,0,0.0,libiomp5.so,"void _INTERNAL_23_______src_kmp_sched_cpp_20354e55::__kmp_for_static_init<long long>(ident*, int, int, int*, long long*, long long*, traits_t<long long>::signed_t*, traits_t<long long>::signed_t, traits_t<long long>::signed_t, void*)",kmp_sched.cpp,0xb5efe
__alloc_pages_nodemask,0.078446,61.9,100.0,0.0,0.0,0.0,0.0,432012960,96002880,0,0,0,0,0.0,vmlinux,__alloc_pages_nodemask,[Unknown],0xffffffffaee11a00
__bio_try_merge_page,0.078446,,0.0,0.0,0.0,0.0,0.0,144004320,0,0,0,0,0,0.0,vmlinux,__bio_try_merge_page,[Unknown],0xffffffffaf0a3060
__blk_mq_sched_bio_merge,0.078446,0.0,0.0,0.0,0.0,0.0,0.0,0,0,0,0,0,0,0.0,vmlinux,__blk_mq_sched_bio_merge,[Unknown],0xffffffffaf0bbf80
__dec_node_state,0.078446,0.0,0.0,0.0,0.0,0.0,0.0,0,0,0,0,0,0,0.0,vmlinux,__dec_node_state,[Unknown],0xffffffffaee2fb00
__do_page_cache_readahead,0.078446,-0.0,0.0,,0.0,,0.0,288008640,288008640,0,0,0,0,0.0,vmlinux,__do_page_cache_readahead,[Unknown],0xffffffffaee18410
__inc_numa_state,0.078446,0.0,0.0,0.0,0.0,0.0,0.0,288008640,0,0,0,0,0,14.000000,vmlinux,__inc_numa_state,[Unknown],0xffffffffaee2fe50
__kmalloc_node,0.078446,0.0,100.0,0.0,0.0,0.0,0.0,0,0,0,0,0,0,8.000000,vmlinux,__kmalloc_node,[Unknown],0xffffffffaee82d50
__kmp_finish_implicit_task,0.078446,100.0,,0.0,0.0,0.0,0.0,0,0,0,0,0,0,0.0,libiomp5.so,__kmp_finish_implicit_task,kmp_tasking.cpp,0xd6210
__kmp_invoke_microtask,0.078446,100.0,,,,,0.0,0,0,0,0,0,0,0.0,libiomp5.so,__kmp_invoke_microtask,[Unknown],0xe7e40
__kmp_join_barrier,0.078446,,0.0,0.0,0.0,0.0,0.0,0,0,0,0,0,0,0.0,libiomp5.so,__kmp_join_barrier(int),kmp_barrier.cpp,0x6ae40
__kmp_x86_pause,0.078446,0.0,0.0,0.0,0.0,0.0,0.0,0,0,0,0,0,0,0.0,libiomp5.so,__kmp_x86_pause,kmp.h,0x62fc5
__kmpc_for_static_fini,0.078446,0.0,0.0,0.0,0.0,0.0,0.0,0,0,0,0,0,0,0.0,libiomp5.so,__kmpc_for_static_fini,kmp_csupport.cpp,0x6ece0
__radix_tree_lookup,0.078446,0.0,0.0,0.0,0.0,0.0,0.0,0,0,0,0,0,0,0.0,vmlinux,__radix_tree_lookup,[Unknown],0xffffffffaf62ffc0
__tlb_remove_page_size,0.078446,0.0,0.0,0.0,0.0,0.0,0.0,0,0,0,0,0,0,0.0,vmlinux,__tlb_remove_page_size,[Unknown],0xffffffffaee53870
__vfs_read,0.078446,0.0,0.0,0.0,0.0,0.0,0.0,0,0,0,0,0,0,6.000000,vmlinux,__vfs_read,[Unknown],0xffffffffaeeb6790
_raw_read_lock,0.078446,0.0,0.0,0.0,0.0,0.0,0.0,0,0,0,0,0,0,0.0,vmlinux,_raw_read_lock,[Unknown],0xffffffffaf650420
add_to_page_cache_lru,0.078446,0.0,0.0,0.0,0.0,0.0,0.0,0,0,0,0,0,0,0.0,vmlinux,add_to_page_cache_lru,[Unknown],0xffffffffaee046d0
ahci_qc_prep,0.078446,100.0,,0.0,0.0,0.0,0.0,0,0,0,0,0,0,0.0,libahci,ahci_qc_prep,[Unknown],0x21f0
apparmor_file_permission,0.078446,0.0,0.0,0.0,0.0,0.0,0.0,0,0,0,0,0,0,0.0,vmlinux,apparmor_file_permission,[Unknown],0xffffffffaf06d1c0
atime_needs_update,0.078446,,0.0,0.0,0.0,0.0,0.0,720021600,192005760,0,0,0,0,7.000000,vmlinux,atime_needs_update,[Unknown],0xffffffffaeed6f30
bio_associate_blkg_from_css,0.078446,0.0,0.0,0.0,0.0,0.0,0.0,0,0,0,0,0,0,0.0,vmlinux,bio_associate_blkg_from_css,[Unknown],0xffffffffaf0a4560
blk_finish_plug,0.078446,,0.0,0.0,0.0,0.0,0.0,0,0,0,0,0,0,0.0,vmlinux,blk_finish_plug,[Unknown],0xffffffffaf0ac670
cpumask_next,0.078446,0.0,0.0,0.0,0.0,0.0,0.0,0,0,0,0,0,0,7.500000,vmlinux,cpumask_next,[Unknown],0xffffffffaf629e10
dd_dispatch_request,0.078446,0.0,0.0,0.0,0.0,0.0,0.0,0,0,0,0,0,0,0.0,vmlinux,dd_dispatch_request,[Unknown],0xffffffffaf0d5560
deadline_next_request,0.078446,0.0,0.0,0.0,0.0,0.0,0.0,0,0,0,0,0,0,0.0,vmlinux,deadline_next_request,[Unknown],0xffffffffaf0d51e0
displayGraphCharacteristics,0.078446,0.0,0.0,0.0,0.0,0.0,0.0,0,0,0,0,0,0,0.0,driverForGraphClustering,displayGraphCharacteristics(graph*),utilityFunctions.cpp,0x44db50
do_futex,0.078446,0.0,0.0,0.0,0.0,0.0,0.0,0,0,0,0,0,0,0.0,vmlinux,do_futex,[Unknown],0xffffffffaed39030
down_read,0.078446,0.0,0.0,,,,0.0,0,0,0,0,0,0,0.0,vmlinux,down_read,[Unknown],0xffffffffaf64d840
down_read_trylock,0.078446,0.0,0.0,0.0,0.0,0.0,0.0,0,0,0,0,0,0,0.0,vmlinux,down_read_trylock,[Unknown],0xffffffffaecf09f0
enqueue_entity,0.078446,0.0,0.0,0.0,0.0,0.0,0.0,0,0,0,0,0,0,0.0,vmlinux,enqueue_entity,[Unknown],0xffffffffaecd4010
ext4_llseek,0.078446,,0.0,0.0,0.0,0.0,0.0,144004320,0,0,0,0,0,7.000000,vmlinux,ext4_llseek,[Unknown],0xffffffffaef6a230
find_next_and_bit,0.078446,,0.0,,,,0.0,144004320,0,0,0,0,0,0.0,vmlinux,find_next_and_bit,[Unknown],0xffffffffaf0ec1e0
finish_wait,0.078446,0.0,0.0,0.0,0.0,0.0,0.0,0,0,0,0,0,0,0.0,vmlinux,finish_wait,[Unknown],0xffffffffaece3aa0
flag_traits<unsigned long long>::test_then_or,0.078446,100.0,,0.0,0.0,0.0,0.0,0,0,0,0,0,0,0.0,libiomp5.so,"flag_traits<unsigned long long>::test_then_or(unsigned long long volatile*, unsigned long long)",kmp_wait_release.h,0xebcea
free_pcp_prepare,0.078446,-0.0,0.0,0.0,0.0,0.0,0.0,0,0,0,0,0,0,0.0,vmlinux,free_pcp_prepare,[Unknown],0xffffffffaee0cd10
free_perturb,0.078446,-0.0,0.0,0.0,0.0,0.0,0.0,0,0,0,0,0,0,0.0,libc-2.29.so,free_perturb,malloc.c,0x95291
func@0x404060,0.078446,0.0,0.0,0.0,0.0,0.0,0.0,0,0,0,0,0,0,0.0,driverForGraphClustering,func@0x404060,[Unknown],0x404060
func@0x96b10,0.078446,0.0,0.0,0.0,0.0,0.0,0.0,0,0,0,0,0,0,0.0,libstdc++.so.6.0.26,func@0x96b10,[Unknown],0x96b10
futex_wait,0.078446,0.0,0.0,0.0,0.0,0.0,0.0,0,0,0,0,0,0,0.0,vmlinux,futex_wait,[Unknown],0xffffffffaed36890
futex_wait_queue_me,0.078446,0.0,0.0,0.0,0.0,0.0,0.0,0,0,0,0,0,0,0.0,vmlinux,futex_wait_queue_me,[Unknown],0xffffffffaed35cf0
get_vma_policy.part.39,0.078446,0.0,0.0,0.0,0.0,0.0,0.0,144004320,0,0,0,0,0,0.0,vmlinux,get_vma_policy.part.39,[Unknown],0xffffffffaee74220
kfree,0.078446,0.0,0.0,,0.0,,0.0,0,0,0,0,0,0,0.0,vmlinux,kfree,[Unknown],0xffffffffaee84210
kmalloc_slab,0.078446,,0.0,0.0,0.0,0.0,0.0,0,0,0,0,0,0,0.0,vmlinux,kmalloc_slab,[Unknown],0xffffffffaee37d00
kmp_basic_flag_native<unsigned long long>::is_sleeping_val,0.078446,0.0,0.0,0.0,0.0,0.0,0.0,0,0,0,0,0,0,0.0,libiomp5.so,kmp_basic_flag_native<unsigned long long>::is_sleeping_val(unsigned long long),kmp_wait_release.h,0xebdbf
kmp_flag_native<unsigned long long>::get,0.078446,0.0,0.0,0.0,0.0,0.0,0.0,0,0,0,0,0,0,0.0,libiomp5.so,kmp_flag_native<unsigned long long>::get(void),kmp_wait_release.h,0xebdb9
kobject_get,0.078446,0.0,0.0,0.0,0.0,0.0,0.0,0,0,0,0,0,0,0.0,vmlinux,kobject_get,[Unknown],0xffffffffaf62c610
ktime_get_coarse_real_ts64,0.078446,-0.0,0.0,0.0,0.0,0.0,0.0,144004320,0,0,0,0,0,7.000000,vmlinux,ktime_get_coarse_real_ts64,[Unknown],0xffffffffaed24eb0
load_balance,0.078446,8.6,0.0,91.4,0.0,91.4,0.0,0,0,0,0,0,0,0.0,vmlinux,load_balance,[Unknown],0xffffffffaecd9bc0
lru_add_drain_cpu,0.078446,0.0,,,0.0,,0.0,0,0,0,0,0,0,0.0,vmlinux,lru_add_drain_cpu,[Unknown],0xffffffffaee1b010
lru_cache_add_active_or_unevictable,0.078446,0.0,0.0,0.0,0.0,0.0,0.0,0,0,0,0,0,0,0.0,vmlinux,lru_cache_add_active_or_unevictable,[Unknown],0xffffffffaee1af60
mem_cgroup_charge_statistics,0.078446,,0.0,0.0,0.0,0.0,0.0,144004320,96002880,0,0,0,0,0.0,vmlinux,mem_cgroup_charge_statistics,[Unknown],0xffffffffaee9bf80
mem_cgroup_from_task,0.078446,0.0,0.0,0.0,0.0,0.0,0.0,0,0,0,0,0,0,0.0,vmlinux,mem_cgroup_from_task,[Unknown],0xffffffffaee9a020
memcg_kmem_put_cache,0.078446,0.0,,,,,0.0,0,0,0,0,0,0,0.0,vmlinux,memcg_kmem_put_cache,[Unknown],0xffffffffaeea1630
memset_erms,0.078446,0.0,0.0,0.0,0.0,0.0,0.0,0,96002880,0,0,0,0,0.0,vmlinux,memset_erms,[Unknown],0xffffffffaf63ec70
native_flush_tlb,0.078446,0.0,0.0,0.0,0.0,0.0,0.0,0,0,0,0,0,0,0.0,vmlinux,native_flush_tlb,[Unknown],0xffffffffaec74070
native_iret,0.078446,0.0,0.0,0.0,0.0,0.0,0.0,0,0,0,0,0,0,0.0,vmlinux,native_iret,[Unknown],0xffffffffaf800a20
on_each_cpu_mask,0.078446,-0.0,0.0,0.0,0.0,0.0,0.0,0,0,0,0,0,0,0.0,vmlinux,on_each_cpu_mask,[Unknown],0xffffffffaed3a650
page_remove_rmap,0.078446,-0.0,0.0,0.0,0.0,0.0,0.0,0,0,0,0,0,0,0.0,vmlinux,page_remove_rmap,[Unknown],0xffffffffaee59db0
pick_next_task_rt,0.078446,0.0,0.0,0.0,0.0,0.0,0.0,0,0,0,0,0,0,0.0,vmlinux,pick_next_task_rt,[Unknown],0xffffffffaecde520
profile_tick,0.078446,-0.0,0.0,0.0,0.0,0.0,0.0,0,0,0,0,0,0,0.0,vmlinux,profile_tick,[Unknown],0xffffffffaed1d4e0
raw_pci_read,0.078446,0.0,0.0,0.0,0.0,0.0,0.0,144004320,0,0,0,0,0,0.0,vmlinux,raw_pci_read,[Unknown],0xffffffffaf49eca0
rb_erase,0.078446,0.0,0.0,,0.0,,0.0,0,0,0,0,0,0,60.500000,vmlinux,rb_erase,[Unknown],0xffffffffaf630820
rb_erase_cached,0.078446,0.0,0.0,0.0,0.0,0.0,0.0,0,0,0,0,0,0,0.0,vmlinux,rb_erase_cached,[Unknown],0xffffffffaf631320
rb_insert_color,0.078446,0.0,0.0,0.0,0.0,0.0,0.0,144004320,0,0,0,0,0,0.0,vmlinux,rb_insert_color,[Unknown],0xffffffffaf6306d0
rcu_segcblist_ready_cbs,0.078446,0.0,0.0,,0.0,,0.0,0,0,0,0,0,0,0.0,vmlinux,rcu_segcblist_ready_cbs,[Unknown],0xffffffffaed16160
read_pages,0.078446,0.0,0.0,0.0,0.0,0.0,0.0,0,0,0,0,0,0,0.0,vmlinux,read_pages,[Unknown],0xffffffffaee18290
refill_stock,0.078446,,0.0,0.0,0.0,0.0,0.0,0,0,0,0,0,0,0.0,vmlinux,refill_stock,[Unknown],0xffffffffaee9cd80
ret_from_intr,0.078446,0.0,100.0,0.0,0.0,0.0,0.0,144004320,192005760,0,0,0,0,12.000000,vmlinux,ret_from_intr,[Unknown],0xffffffffaf80094f
rw_verify_area,0.078446,-0.0,0.0,0.0,0.0,0.0,0.0,288008640,96002880,0,0,0,0,0.0,vmlinux,rw_verify_area,[Unknown],0xffffffffaeeb45d0
sbitmap_any_bit_set,0.078446,0.0,0.0,0.0,0.0,0.0,0.0,0,0,0,0,0,0,0.0,vmlinux,sbitmap_any_bit_set,[Unknown],0xffffffffaf11a060
sd_init_command,0.078446,0.0,0.0,0.0,0.0,0.0,0.0,0,0,0,0,0,0,0.0,vmlinux,sd_init_command,[Unknown],0xffffffffaf3385e0
security_file_permission,0.078446,-0.0,0.0,0.0,0.0,0.0,0.0,144004320,576017280,0,0,0,0,8.000000,vmlinux,security_file_permission,[Unknown],0xffffffffaf01f040
select_idle_sibling,0.078446,0.0,0.0,0.0,0.0,0.0,0.0,0,0,0,0,0,0,0.0,vmlinux,select_idle_sibling,[Unknown],0xffffffffaeccf260
std::__basic_file<char>::xsgetn,0.078446,0.0,0.0,0.0,0.0,0.0,0.0,0,96002880,0,0,0,0,7.000000,libstdc++.so.6.0.26,"std::__basic_file<char>::xsgetn(char*, long)",[Unknown],0xc6c60
"std::codecvt<char, char, __mbstate_t>::do_encoding",0.078446,,0.0,0.0,0.0,0.0,0.0,0,0,0,0,0,0,0.0,libstdc++.so.6.0.26,"std::codecvt<char, char, __mbstate_t>::do_encoding(void) const",[Unknown],0xb2ed0
swake_up_locked.part.6,0.078446,0.0,0.0,0.0,0.0,0.0,0.0,0,0,0,0,0,0,0.0,vmlinux,swake_up_locked.part.6,[Unknown],0xffffffffaece4130
switch_mm_irqs_off,0.078446,,0.0,0.0,0.0,0.0,0.0,0,0,0,0,0,0,0.0,vmlinux,switch_mm_irqs_off,[Unknown],0xffffffffaec83b40
sysmalloc,0.078446,-0.0,0.0,0.0,0.0,0.0,0.0,144004320,0,0,0,0,0,0.0,libc-2.29.so,sysmalloc,malloc.c,0x95d90
timekeeping_advance,0.078446,100.0,100.0,0.0,0.0,0.0,0.0,0,0,0,0,0,0,0.0,vmlinux,timekeeping_advance,[Unknown],0xffffffffaed25fd0
timespec64_trunc,0.078446,0.0,0.0,0.0,0.0,0.0,0.0,144004320,0,0,0,0,0,12.000000,vmlinux,timespec64_trunc,[Unknown],0xffffffffaeed4e60
tlb_flush_mmu,0.078446,-0.0,0.0,0.0,0.0,0.0,0.0,0,0,0,0,0,0,0.0,vmlinux,tlb_flush_mmu,[Unknown],0xffffffffaee53a90
touch_atime,0.078446,0.0,0.0,0.0,0.0,0.0,0.0,0,0,0,0,0,0,6.000000,vmlinux,touch_atime,[Unknown],0xffffffffaeed7010
try_to_wake_up,0.078446,0.0,0.0,0.0,0.0,0.0,0.0,0,0,0,0,0,0,0.0,vmlinux,try_to_wake_up,[Unknown],0xffffffffaecc8e70
update_dl_rq_load_avg,0.078446,0.0,0.0,0.0,0.0,0.0,0.0,0,0,0,0,0,0,0.0,vmlinux,update_dl_rq_load_avg,[Unknown],0xffffffffaece8170
update_fast_timekeeper,0.078446,100.0,100.0,0.0,0.0,0.0,0.0,0,0,0,0,0,0,0.0,vmlinux,update_fast_timekeeper,[Unknown],0xffffffffaed25140
vfs_read,0.078446,,0.0,91.4,0.0,0.0,0.0,432012960,960028800,0,0,0,0,7.400000,vmlinux,vfs_read,[Unknown],0xffffffffaeeb67d0
vmacache_find,0.078446,14.3,57.1,0.0,0.0,100.0,0.0,0,0,0,0,0,0,0.0,vmlinux,vmacache_find,[Unknown],0xffffffffaee3d720
xa_load,0.078446,0.0,0.0,0.0,0.0,0.0,0.0,0,0,0,0,0,0,7.000000,vmlinux,xa_load,[Unknown],0xffffffffaf63a430
xas_store,0.078446,,0.0,0.0,0.0,0.0,0.0,0,0,0,0,0,0,7.000000,vmlinux,xas_store,[Unknown],0xffffffffaf63b030
zap_page_range,0.078446,,0.0,0.0,0.0,0.0,0.0,0,0,0,0,0,0,0.0,vmlinux,zap_page_range,[Unknown],0xffffffffaee46c10
PageHuge,0.0,0.0,0.0,0.0,0.0,0.0,0.0,144004320,96002880,0,0,0,0,0.0,vmlinux,PageHuge,[Unknown],0xffffffffaee6c7d0
[Unknown stack frame(s)],0.0,0.0,0.0,0.0,0.0,0.0,0.0,22752682560,4032120960,240016800,2256157920,1440100800,0,0.0,[Unknown],[Unknown stack frame(s)],[Unknown],0x0
__bio_add_page,0.0,0.0,0.0,0.0,0.0,0.0,0.0,0,96002880,0,0,0,0,0.0,vmlinux,__bio_add_page,[Unknown],0xffffffffaf0a3100
__bitmap_and,0.0,,0.0,0.0,0.0,0.0,0.0,0,96002880,0,0,0,0,0.0,vmlinux,__bitmap_and,[Unknown],0xffffffffaf0e4590
__do_page_fault,0.0,0.0,0.0,0.0,0.0,0.0,0.0,0,96002880,0,0,0,0,0.0,vmlinux,__do_page_fault,[Unknown],0xffffffffaec7c190
"__gnu_cxx::new_allocator<std::_Rb_tree_node<std::pair<long const, long>>>::allocate",0.0,0.0,0.0,0.0,0.0,0.0,0.0,0,384011520,0,0,0,0,0.0,driverForGraphClustering,"__gnu_cxx::new_allocator<std::_Rb_tree_node<std::pair<long const, long>>>::allocate(unsigned long, void const*)",new_allocator.h,0x451243
__hrtimer_get_next_event,0.0,0.0,0.0,0.0,0.0,0.0,0.0,0,0,0,0,0,0,7.000000,vmlinux,__hrtimer_get_next_event,[Unknown],0xffffffffaed22e70
__malloc_assert,0.0,0.0,0.0,0.0,0.0,0.0,0.0,0,96002880,0,0,0,0,0.0,libc-2.29.so,__malloc_assert,malloc.c,0x97415
__mod_zone_page_state,0.0,-0.0,0.0,0.0,0.0,0.0,0.0,288008640,0,0,0,0,0,8.500000,vmlinux,__mod_zone_page_state,[Unknown],0xffffffffaee2dc70
__note_gp_changes,0.0,-0.0,0.0,0.0,0.0,0.0,0.0,0,96002880,0,0,0,0,0.0,vmlinux,__note_gp_changes,[Unknown],0xffffffffaed13380
__remove_hrtimer,0.0,0.0,0.0,0.0,0.0,0.0,0.0,0,96002880,0,0,0,0,16.000000,vmlinux,__remove_hrtimer,[Unknown],0xffffffffaed22f70
aa_file_perm,0.0,,0.0,,0.0,,0.0,144004320,192005760,0,0,0,0,0.0,vmlinux,aa_file_perm,[Unknown],0xffffffffaf070a00
acct_account_cputime,0.0,100.0,,0.0,0.0,0.0,0.0,0,0,0,0,0,0,0.0,vmlinux,acct_account_cputime,[Unknown],0xffffffffaed7f3e0
activate_task,0.0,0.0,0.0,0.0,100.0,0.0,0.0,0,0,0,0,0,0,0.0,vmlinux,activate_task,[Unknown],0xffffffffaecc7de0
ata_std_qc_defer,0.0,0.0,0.0,100.0,0.0,0.0,0.0,0,0,0,0,0,0,0.0,vmlinux,ata_std_qc_defer,[Unknown],0xffffffffaf341740
available_idle_cpu,0.0,0.0,0.0,100.0,0.0,0.0,0.0,0,0,0,0,0,0,0.0,vmlinux,available_idle_cpu,[Unknown],0xffffffffaeccac90
blk_mq_get_request,0.0,0.0,0.0,0.0,0.0,0.0,0.0,0,96002880,0,0,0,0,19.000000,vmlinux,blk_mq_get_request,[Unknown],0xffffffffaf0b4f10
blk_queue_split,0.0,0.0,0.0,0.0,0.0,0.0,0.0,0,96002880,0,0,0,0,0.0,vmlinux,blk_queue_split,[Unknown],0xffffffffaf0b06e0
current_time,0.0,0.0,0.0,0.0,0.0,0.0,0.0,144004320,96002880,0,0,0,0,0.0,vmlinux,current_time,[Unknown],0xffffffffaeed4ed0
dd_has_work,0.0,-0.0,0.0,0.0,0.0,0.0,0.0,144004320,0,0,0,0,0,0.0,vmlinux,dd_has_work,[Unknown],0xffffffffaf0d47c0
dd_request_merge,0.0,0.0,0.0,0.0,0.0,0.0,0.0,144004320,0,0,0,0,0,0.0,vmlinux,dd_request_merge,[Unknown],0xffffffffaf0d52b0
default_do_nmi,0.0,0.0,0.0,0.0,0.0,0.0,0.0,0,288008640,0,0,0,0,0.0,vmlinux,default_do_nmi,[Unknown],0xffffffffaec33ec0
do_nmi,0.0,0.0,0.0,0.0,0.0,0.0,0.0,0,96002880,0,0,0,0,16.000000,vmlinux,do_nmi,[Unknown],0xffffffffaec33fd0
find_first_bit,0.0,0.0,0.0,0.0,0.0,0.0,0.0,0,96002880,0,0,0,0,0.0,vmlinux,find_first_bit,[Unknown],0xffffffffaf0ec260
free_unref_page_commit,0.0,100.0,,0.0,0.0,0.0,0.0,0,96002880,0,0,0,0,0.0,vmlinux,free_unref_page_commit,[Unknown],0xffffffffaee0ded0
free_unref_page_list,0.0,0.0,0.0,0.0,0.0,0.0,0.0,0,0,0,0,0,0,7.000000,vmlinux,free_unref_page_list,[Unknown],0xffffffffaee0f060
free_unref_page_prepare.part.74,0.0,0.0,0.0,0.0,100.0,0.0,0.0,144004320,0,0,0,0,0,0.0,vmlinux,free_unref_page_prepare.part.74,[Unknown],0xffffffffaee0c930
func@0x404140,0.0,100.0,100.0,0.0,0.0,0.0,0.0,0,0,0,0,0,0,90.000000,driverForGraphClustering,func@0x404140,[Unknown],0x404140
func@0x4044e0,0.0,0.0,0.0,0.0,0.0,0.0,0.0,144004320,0,0,0,0,0,8.000000,driverForGraphClustering,func@0x4044e0,[Unknown],0x4044e0
func@0x96760,0.0,0.0,0.0,0.0,0.0,0.0,0.0,144004320,0,0,0,0,0,0.0,libstdc++.so.6.0.26,func@0x96760,[Unknown],0x96760
func@0x96cf0,0.0,0.0,0.0,0.0,0.0,0.0,0.0,144004320,0,0,0,0,0,0.0,libstdc++.so.6.0.26,func@0x96cf0,[Unknown],0x96cf0
func@0x98410,0.0,0.0,0.0,0.0,0.0,0.0,0.0,432012960,0,0,0,0,0,0.0,libstdc++.so.6.0.26,func@0x98410,[Unknown],0x98410
heap_trim,0.0,0.0,0.0,100.0,0.0,0.0,0.0,0,0,0,0,0,0,0.0,libc-2.29.so,heap_trim,arena.c,0x95748
hrtimer_forward,0.0,100.0,100.0,0.0,0.0,0.0,0.0,0,0,0,0,0,0,9.000000,vmlinux,hrtimer_forward,[Unknown],0xffffffffaed22b90
hrtimer_run_queues,0.0,0.0,0.0,0.0,0.0,0.0,0.0,288008640,0,0,0,0,0,0.0,vmlinux,hrtimer_run_queues,[Unknown],0xffffffffaed23e90
iov_iter_init,0.0,0.0,0.0,0.0,0.0,0.0,0.0,576017280,0,0,0,0,0,7.000000,vmlinux,iov_iter_init,[Unknown],0xffffffffaf0e6b50
kmem_cache_alloc,0.0,,0.0,,0.0,,0.0,144004320,0,0,0,0,0,0.0,vmlinux,kmem_cache_alloc,[Unknown],0xffffffffaee82310
kmp_basic_flag_native<unsigned long long>::done_check,0.0,100.0,,0.0,0.0,0.0,0.0,0,0,0,0,0,0,0.0,libiomp5.so,kmp_basic_flag_native<unsigned long long>::done_check(void),kmp_wait_release.h,0x62d56
kthread_data,0.0,100.0,,0.0,0.0,0.0,0.0,0,0,0,0,0,0,0.0,vmlinux,kthread_data,[Unknown],0xffffffffaecbd0f0
mem_cgroup_throttle_swaprate,0.0,0.0,0.0,100.0,0.0,100.0,0.0,0,0,0,0,0,0,0.0,vmlinux,mem_cgroup_throttle_swaprate,[Unknown],0xffffffffaee69730
mem_cgroup_update_lru_size,0.0,-0.0,0.0,0.0,0.0,0.0,0.0,0,0,0,0,0,0,7.000000,vmlinux,mem_cgroup_update_lru_size,[Unknown],0xffffffffaeea0c90
memcg_check_events,0.0,0.0,0.0,0.0,0.0,0.0,0.0,0,0,0,0,0,0,8.000000,vmlinux,memcg_check_events,[Unknown],0xffffffffaee9de40
mempool_alloc_slab,0.0,0.0,0.0,0.0,0.0,0.0,0.0,0,0,0,0,0,0,8.000000,vmlinux,mempool_alloc_slab,[Unknown],0xffffffffaee086b0
native_irq_return_iret,0.0,0.0,0.0,0.0,0.0,0.0,0.0,432012960,0,0,0,0,0,0.0,vmlinux,native_irq_return_iret,[Unknown],0xffffffffaf800a27
on_each_cpu_cond_mask,0.0,0.0,0.0,0.0,0.0,0.0,0.0,0,192005760,0,0,0,0,7.000000,vmlinux,on_each_cpu_cond_mask,[Unknown],0xffffffffaed3a6c0
page_evictable,0.0,0.0,0.0,0.0,0.0,0.0,0.0,0,0,0,0,0,0,61.000000,vmlinux,page_evictable,[Unknown],0xffffffffaee21710
page_mapping,0.0,100.0,,0.0,0.0,0.0,0.0,0,0,0,0,0,0,0.0,vmlinux,page_mapping,[Unknown],0xffffffffaee2cde0
prep_new_page,0.0,-0.0,0.0,0.0,0.0,0.0,0.0,144004320,0,0,0,0,0,7.000000,vmlinux,prep_new_page,[Unknown],0xffffffffaee0c730
printk_nmi_exit,0.0,0.0,0.0,0.0,0.0,0.0,0.0,144004320,0,0,0,0,0,0.0,vmlinux,printk_nmi_exit,[Unknown],0xffffffffaed016d0
put_prev_entity,0.0,0.0,0.0,0.0,0.0,0.0,0.0,0,96002880,0,0,0,0,0.0,vmlinux,put_prev_entity,[Unknown],0xffffffffaecd3ee0
rcu_irq_exit,0.0,100.0,100.0,0.0,0.0,0.0,0.0,288008640,0,0,0,0,0,0.0,vmlinux,rcu_irq_exit,[Unknown],0xffffffffaed147b0
record_times,0.0,0.0,0.0,0.0,0.0,0.0,0.0,144004320,0,0,0,0,0,0.0,vmlinux,record_times,[Unknown],0xffffffffaecefdf0
sched_clock_tick,0.0,0.0,0.0,0.0,0.0,0.0,0.0,0,96002880,0,0,0,0,7.000000,vmlinux,sched_clock_tick,[Unknown],0xffffffffaecccea0
scsi_mq_get_budget,0.0,100.0,,0.0,0.0,0.0,0.0,0,0,0,0,0,0,0.0,vmlinux,scsi_mq_get_budget,[Unknown],0xffffffffaf328110
scsi_req_init,0.0,0.0,0.0,0.0,0.0,0.0,0.0,144004320,0,0,0,0,0,0.0,vmlinux,scsi_req_init,[Unknown],0xffffffffaf0cba30
"std::_Rb_tree<long, std::pair<long const, long>, std::_Select1st<std::pair<long const, long>>, std::less<long>, std::allocator<std::pair<long const, long>>>::_S_left",0.0,0.0,0.0,,0.0,,0.0,1152034560,0,0,0,0,0,7.777778,driverForGraphClustering,"std::_Rb_tree<long, std::pair<long const, long>, std::_Select1st<std::pair<long const, long>>, std::less<long>, std::allocator<std::pair<long const, long>>>::_S_left(std::_Rb_tree_node_base*)",stl_tree.h,0x41ed3a
std::__basic_file<char>::seekoff,0.0,0.0,0.0,0.0,0.0,0.0,0.0,0,96002880,0,0,0,0,0.0,libstdc++.so.6.0.26,"std::__basic_file<char>::seekoff(long, std::_Ios_Seekdir)",[Unknown],0xc6dc0
"std::map<long, long, std::less<long>, std::allocator<std::pair<long const, long>>>::operator[]",0.0,0.0,0.0,0.0,0.0,0.0,0.0,0,7488224640,0,0,0,0,0.0,driverForGraphClustering,"std::map<long, long, std::less<long>, std::allocator<std::pair<long const, long>>>::operator[](long const&)",stl_map.h,0x432243
submit_bio,0.0,0.0,0.0,0.0,0.0,0.0,0.0,144004320,0,0,0,0,0,0.0,vmlinux,submit_bio,[Unknown],0xffffffffaf0ab670
tick_nohz_tick_stopped,0.0,0.0,0.0,0.0,0.0,0.0,0.0,0,0,0,0,0,0,7.000000,vmlinux,tick_nohz_tick_stopped,[Unknown],0xffffffffaed34a90
tick_sched_handle,0.0,0.0,0.0,0.0,0.0,0.0,0.0,0,96002880,0,0,0,0,0.0,vmlinux,tick_sched_handle,[Unknown],0xffffffffaed34600
uncharge_batch,0.0,100.0,100.0,0.0,0.0,0.0,0.0,0,0,0,0,0,0,0.0,vmlinux,uncharge_batch,[Unknown],0xffffffffaee9e400
unmap_region,0.0,0.0,0.0,0.0,0.0,0.0,0.0,144004320,0,0,0,0,0,0.0,vmlinux,unmap_region,[Unknown],0xffffffffaee4e9d0
up_read,0.0,,0.0,0.0,0.0,0.0,0.0,144004320,0,0,0,0,0,0.0,vmlinux,up_read,[Unknown],0xffffffffaecf0a70
update_rt_rq_load_avg,0.0,0.0,0.0,0.0,0.0,100.0,0.0,0,0,0,0,0,0,0.0,vmlinux,update_rt_rq_load_avg,[Unknown],0xffffffffaece7f00
xas_create,0.0,0.0,0.0,0.0,0.0,0.0,0.0,0,0,0,0,0,0,7.000000,vmlinux,xas_create,[Unknown],0xffffffffaf63ab10
